id,propertyId,name,roomType,qty,minPrice,minStay,maxStay,restrictionStrategy,maxPeople,maxAdult,maxChildren,taxPercentage,taxPerson,rackRate,cleaningFee,securityDeposit,sellPriority,roomSize,highlightColor,includeInReports,overbookingProtection,blockAfterCheckOutDays,controlPriority,dependencies,templates,unitAllocation,unallocatedUnit,units,featureCodes
350455,158986,Double Room with Terrace,double,8,250000,,365,stayThrough,4,,,0,0,0,0,0,5.0,36.0,ffffff,True,property,0,5,"{'includeSubDependencies': False, 'combinationLogic': {'type': 'sumAllBookings'}, 'dependentRoomId1': None, 'dependentRoomId2': None, 'dependentRoomId3': None, 'dependentRoomId4': None, 'dependentRoomId5': None, 'dependentRoomId6': None, 'dependentRoomId7': None, 'dependentRoomId8': None, 'dependentRoomId9': None, 'dependentRoomId10': None, 'dependentRoomId11': None, 'dependentRoomId12': None, 'includeBookingsRoomId1': None, 'includeBookingsRoomId2': None, 'includeBookingsRoomId3': None, 'includeBookingsRoomId4': None, 'includeBookingsRoomId5': None, 'includeBookingsRoomId6': None, 'includeBookingsRoomId7': None, 'includeBookingsRoomId8': None, 'includeBookingsRoomId9': None, 'includeBookingsRoomId10': None, 'includeBookingsRoomId11': None, 'includeBookingsRoomId12': None, 'assignBookingsTo': {'type': 'thisRoom'}}","{'template1': '', 'template2': '', 'template3': '', 'template4': '', 'template5': '', 'template6': '', 'template7': '', 'template8': ''}",perBooking,{'name': ''},"[{'id': 1, 'name': '01', 'statusText': '', 'statusColor': None, 'notes': ''}, {'id': 2, 'name': '02', 'statusText': '', 'statusColor': None, 'notes': ''}, {'id': 3, 'name': '03', 'statusText': '', 'statusColor': None, 'notes': ''}, {'id': 4, 'name': '04', 'statusText': '', 'statusColor': None, 'notes': ''}, {'id': 5, 'name': '05', 'statusText': '', 'statusColor': None, 'notes': ''}, {'id': 6, 'name': '06', 'statusText': '', 'statusColor': None, 'notes': ''}, {'id': 7, 'name': '07', 'statusText': '', 'statusColor': None, 'notes': ''}, {'id': 8, 'name': '08', 'statusText': '', 'statusColor': None, 'notes': ''}]","[['SHAMPOO'], ['TOWELS'], ['BREAKFAST_POSSIBLE'], ['BREAKFAST_INCLUDED'], ['BREAKFAST_IN_ROOM'], ['VILLAGE'], ['AIRPORT_SHUTTLE'], ['CAR_AVAILABLE'], ['STAFF'], ['BAGGAGE_STORAGE'], ['FISHING'], ['BICYCLE'], ['SCUBA_OR_SNORKELING'], ['HORSE_RIDING'], ['SAFE'], ['AIR_CONDITIONING'], ['TOILETRIES'], ['BEDROOM', 'BED_DOUBLE'], ['BATHROOM', 'BATH_SHOWER', 'BATH_TOILET'], ['FIRE_EXTINGUISHER'], ['LINENS'], ['DECK_PATIO_UNCOVERED'], ['HAIR_DRYER'], ['TV'], ['SATELLITE'], ['WIFI'], ['KETTLE'], ['CLEANING_POSSIBLE'], ['CLEANING_INCLUDED'], ['BOAT']]"
350464,158990,Superior Bungalow,bungalow,5,0,,365,stayThrough,2,,,0,0,250000,0,0,5.0,16.0,ffffff,True,property,0,7,"{'includeSubDependencies': False, 'combinationLogic': {'type': 'sumAllBookings'}, 'dependentRoomId1': None, 'dependentRoomId2': None, 'dependentRoomId3': None, 'dependentRoomId4': None, 'dependentRoomId5': None, 'dependentRoomId6': None, 'dependentRoomId7': None, 'dependentRoomId8': None, 'dependentRoomId9': None, 'dependentRoomId10': None, 'dependentRoomId11': None, 'dependentRoomId12': None, 'includeBookingsRoomId1': None, 'includeBookingsRoomId2': None, 'includeBookingsRoomId3': None, 'includeBookingsRoomId4': None, 'includeBookingsRoomId5': None, 'includeBookingsRoomId6': None, 'includeBookingsRoomId7': None, 'includeBookingsRoomId8': None, 'includeBookingsRoomId9': None, 'includeBookingsRoomId10': None, 'includeBookingsRoomId11': None, 'includeBookingsRoomId12': None, 'assignBookingsTo': {'type': 'thisRoom'}}","{'template1': '', 'template2': '', 'template3': '', 'template4': '', 'template5': '', 'template6': '', 'template7': '', 'template8': ''}",perBooking,{'name': ''},"[{'id': 1, 'name': '01', 'statusText': '', 'statusColor': None, 'notes': ''}, {'id': 2, 'name': '03', 'statusText': '', 'statusColor': None, 'notes': ''}, {'id': 3, 'name': '04', 'statusText': '', 'statusColor': None, 'notes': ''}, {'id': 4, 'name': '05', 'statusText': '', 'statusColor': None, 'notes': ''}, {'id': 5, 'name': '06', 'statusText': '', 'statusColor': None, 'notes': ''}]","[['BALCONY'], ['SITTING_AREA'], ['AIR_CONDITIONING'], ['TOWELS'], ['SAFE'], ['DECK_PATIO_UNCOVERED'], ['TOILETRIES'], ['RESTAURANT'], ['BREAKFAST_INCLUDED'], ['WIFI'], ['DINING_AREA'], ['BEACH_FRONT'], ['BEACH_VIEW'], ['BEACH'], ['AIRPORT_SHUTTLE'], ['BAGGAGE_STORAGE'], ['BAR'], ['BICYCLE'], ['SCUBA_OR_SNORKELING'], ['MOUNTAIN_BIKING'], ['CYCLING'], ['LINENS'], ['GARDEN'], ['BEDROOM', 'BED_DOUBLE'], ['BATHROOM', 'BATH_SHOWER', 'BATH_TOILET']]"
462631,158990,Superior Single,single,1,0,,365,stayThrough,1,,,0,0,250000,0,0,5.0,,ffffff,True,property,0,5,"{'includeSubDependencies': False, 'combinationLogic': {'type': 'sumAllBookings'}, 'dependentRoomId1': None, 'dependentRoomId2': None, 'dependentRoomId3': None, 'dependentRoomId4': None, 'dependentRoomId5': None, 'dependentRoomId6': None, 'dependentRoomId7': None, 'dependentRoomId8': None, 'dependentRoomId9': None, 'dependentRoomId10': None, 'dependentRoomId11': None, 'dependentRoomId12': None, 'includeBookingsRoomId1': None, 'includeBookingsRoomId2': None, 'includeBookingsRoomId3': None, 'includeBookingsRoomId4': None, 'includeBookingsRoomId5': None, 'includeBookingsRoomId6': None, 'includeBookingsRoomId7': None, 'includeBookingsRoomId8': None, 'includeBookingsRoomId9': None, 'includeBookingsRoomId10': None, 'includeBookingsRoomId11': None, 'includeBookingsRoomId12': None, 'assignBookingsTo': {'type': 'thisRoom'}}","{'template1': '', 'template2': '', 'template3': '', 'template4': '', 'template5': '', 'template6': '', 'template7': '', 'template8': ''}",perBooking,{'name': ''},"[{'id': 1, 'name': '02', 'statusText': '', 'statusColor': None, 'notes': ''}]","[['SITTING_AREA'], ['AIR_CONDITIONING'], ['TOWELS'], ['SAFE'], ['DECK_PATIO_UNCOVERED'], ['TOILETRIES'], ['RESTAURANT'], ['BREAKFAST_INCLUDED'], ['WIFI'], ['DINING_AREA'], ['BEACH_FRONT'], ['BEACH_VIEW'], ['BEACH'], ['AIRPORT_SHUTTLE'], ['BAGGAGE_STORAGE'], ['BAR'], ['BICYCLE'], ['SCUBA_OR_SNORKELING'], ['MOUNTAIN_BIKING'], ['CYCLING'], ['LINENS'], ['GARDEN'], ['BATHROOM', 'BATH_SHOWER', 'BATH_TOILET'], ['BEDROOM', 'BED_SINGLE']]"
462632,158990,Deluxe Room,double,4,0,,365,stayThrough,2,,,0,0,250000,0,0,5.0,16.0,ffffff,True,property,0,3,"{'includeSubDependencies': False, 'combinationLogic': {'type': 'sumAllBookings'}, 'dependentRoomId1': None, 'dependentRoomId2': None, 'dependentRoomId3': None, 'dependentRoomId4': None, 'dependentRoomId5': None, 'dependentRoomId6': None, 'dependentRoomId7': None, 'dependentRoomId8': None, 'dependentRoomId9': None, 'dependentRoomId10': None, 'dependentRoomId11': None, 'dependentRoomId12': None, 'includeBookingsRoomId1': None, 'includeBookingsRoomId2': None, 'includeBookingsRoomId3': None, 'includeBookingsRoomId4': None, 'includeBookingsRoomId5': None, 'includeBookingsRoomId6': None, 'includeBookingsRoomId7': None, 'includeBookingsRoomId8': None, 'includeBookingsRoomId9': None, 'includeBookingsRoomId10': None, 'includeBookingsRoomId11': None, 'includeBookingsRoomId12': None, 'assignBookingsTo': {'type': 'thisRoom'}}","{'template1': '', 'template2': '', 'template3': '', 'template4': '', 'template5': '', 'template6': '', 'template7': '', 'template8': ''}",perBooking,{'name': ''},"[{'id': 1, 'name': '08', 'statusText': '', 'statusColor': None, 'notes': ''}, {'id': 2, 'name': '09', 'statusText': '', 'statusColor': None, 'notes': ''}, {'id': 3, 'name': '10', 'statusText': '', 'statusColor': None, 'notes': ''}, {'id': 4, 'name': '11', 'statusText': '', 'statusColor': None, 'notes': ''}]","[['BALCONY'], ['SITTING_AREA'], ['AIR_CONDITIONING'], ['TOWELS'], ['SAFE'], ['DECK_PATIO_UNCOVERED'], ['TOILETRIES'], ['RESTAURANT'], ['BREAKFAST_INCLUDED'], ['WIFI'], ['DINING_AREA'], ['BEACH_FRONT'], ['BEACH_VIEW'], ['BEACH'], ['AIRPORT_SHUTTLE'], ['BAGGAGE_STORAGE'], ['BAR'], ['BICYCLE'], ['SCUBA_OR_SNORKELING'], ['MOUNTAIN_BIKING'], ['CYCLING'], ['LINENS'], ['GARDEN'], ['BEDROOM', 'BED_DOUBLE'], ['BATHROOM', 'BATH_SHOWER', 'BATH_TOILET']]"
462634,158990,Wooden Deluxe Bungalow,double,2,0,,365,stayThrough,2,,,0,0,250000,0,0,5.0,,ffffff,True,property,0,1,"{'includeSubDependencies': False, 'combinationLogic': {'type': 'sumAllBookings'}, 'dependentRoomId1': None, 'dependentRoomId2': None, 'dependentRoomId3': None, 'dependentRoomId4': None, 'dependentRoomId5': None, 'dependentRoomId6': None, 'dependentRoomId7': None, 'dependentRoomId8': None, 'dependentRoomId9': None, 'dependentRoomId10': None, 'dependentRoomId11': None, 'dependentRoomId12': None, 'includeBookingsRoomId1': None, 'includeBookingsRoomId2': None, 'includeBookingsRoomId3': None, 'includeBookingsRoomId4': None, 'includeBookingsRoomId5': None, 'includeBookingsRoomId6': None, 'includeBookingsRoomId7': None, 'includeBookingsRoomId8': None, 'includeBookingsRoomId9': None, 'includeBookingsRoomId10': None, 'includeBookingsRoomId11': None, 'includeBookingsRoomId12': None, 'assignBookingsTo': {'type': 'thisRoom'}}","{'template1': '', 'template2': '', 'template3': '', 'template4': '', 'template5': '', 'template6': '', 'template7': '', 'template8': ''}",perBooking,{'name': ''},"[{'id': 1, 'name': '12', 'statusText': '', 'statusColor': None, 'notes': ''}, {'id': 2, 'name': '13', 'statusText': '', 'statusColor': None, 'notes': ''}]","[['BALCONY'], ['SITTING_AREA'], ['AIR_CONDITIONING'], ['TOWELS'], ['SAFE'], ['DECK_PATIO_UNCOVERED'], ['TOILETRIES'], ['RESTAURANT'], ['BREAKFAST_INCLUDED'], ['WIFI'], ['DINING_AREA'], ['BEACH_FRONT'], ['BEACH_VIEW'], ['BEACH'], ['AIRPORT_SHUTTLE'], ['BAGGAGE_STORAGE'], ['BAR'], ['BICYCLE'], ['SCUBA_OR_SNORKELING'], ['MOUNTAIN_BIKING'], ['CYCLING'], ['LINENS'], ['GARDEN'], ['BEDROOM', 'BED_DOUBLE'], ['BATHROOM', 'BATH_SHOWER', 'BATH_TOILET']]"
502851,158990,Deluxe Bungalow,double,1,0,,365,stayThrough,2,,,0,0,0,0,0,5.0,16.0,ffffff,True,room,0,6,"{'includeSubDependencies': False, 'combinationLogic': {'type': 'sumAllBookings'}, 'dependentRoomId1': None, 'dependentRoomId2': None, 'dependentRoomId3': None, 'dependentRoomId4': None, 'dependentRoomId5': None, 'dependentRoomId6': None, 'dependentRoomId7': None, 'dependentRoomId8': None, 'dependentRoomId9': None, 'dependentRoomId10': None, 'dependentRoomId11': None, 'dependentRoomId12': None, 'includeBookingsRoomId1': None, 'includeBookingsRoomId2': None, 'includeBookingsRoomId3': None, 'includeBookingsRoomId4': None, 'includeBookingsRoomId5': None, 'includeBookingsRoomId6': None, 'includeBookingsRoomId7': None, 'includeBookingsRoomId8': None, 'includeBookingsRoomId9': None, 'includeBookingsRoomId10': None, 'includeBookingsRoomId11': None, 'includeBookingsRoomId12': None, 'assignBookingsTo': {'type': 'thisRoom'}}","{'template1': '', 'template2': '', 'template3': '', 'template4': '', 'template5': '', 'template6': '', 'template7': '', 'template8': ''}",perBooking,{'name': ''},"[{'id': 1, 'name': '07', 'statusText': '', 'statusColor': None, 'notes': ''}]",[]
354680,161014,King Room with Balcony,double,1,0,,365,stayThrough,2,,,0,0,600000,0,0,5.0,,ffffff,True,property,0,2,"{'includeSubDependencies': False, 'combinationLogic': {'type': 'sumAllBookings'}, 'dependentRoomId1': None, 'dependentRoomId2': None, 'dependentRoomId3': None, 'dependentRoomId4': None, 'dependentRoomId5': None, 'dependentRoomId6': None, 'dependentRoomId7': None, 'dependentRoomId8': None, 'dependentRoomId9': None, 'dependentRoomId10': None, 'dependentRoomId11': None, 'dependentRoomId12': None, 'includeBookingsRoomId1': None, 'includeBookingsRoomId2': None, 'includeBookingsRoomId3': None, 'includeBookingsRoomId4': None, 'includeBookingsRoomId5': None, 'includeBookingsRoomId6': None, 'includeBookingsRoomId7': None, 'includeBookingsRoomId8': None, 'includeBookingsRoomId9': None, 'includeBookingsRoomId10': None, 'includeBookingsRoomId11': None, 'includeBookingsRoomId12': None, 'assignBookingsTo': {'type': 'thisRoom'}}","{'template1': '', 'template2': '', 'template3': '', 'template4': '', 'template5': '', 'template6': '', 'template7': '', 'template8': ''}",perBooking,{'name': ''},"[{'id': 1, 'name': '10', 'statusText': '', 'statusColor': None, 'notes': ''}]","[['BEDROOM', 'BED_DOUBLE'], ['BATHROOM', 'BATH_SHOWER', 'BATH_TOILET'], ['BALCONY'], ['SHAMPOO'], ['LINENS'], ['AIR_CONDITIONING'], ['HAIR_DRYER'], ['TOILETRIES'], ['TOWELS'], ['SAFE'], ['DESK'], ['LAPTOP_FRIENDLY'], ['TV'], ['SATELLITE'], ['WIFI'], ['REFRIGERATOR'], ['KETTLE'], ['COFFEE_MAKER'], ['HANGERS'], ['BREAKFAST_POSSIBLE']]"
354681,161014,King Room with Pool View,double,1,0,,365,stayThrough,2,,,0,0,500000,0,0,5.0,,ffffff,True,property,0,4,"{'includeSubDependencies': False, 'combinationLogic': {'type': 'sumAllBookings'}, 'dependentRoomId1': None, 'dependentRoomId2': None, 'dependentRoomId3': None, 'dependentRoomId4': None, 'dependentRoomId5': None, 'dependentRoomId6': None, 'dependentRoomId7': None, 'dependentRoomId8': None, 'dependentRoomId9': None, 'dependentRoomId10': None, 'dependentRoomId11': None, 'dependentRoomId12': None, 'includeBookingsRoomId1': None, 'includeBookingsRoomId2': None, 'includeBookingsRoomId3': None, 'includeBookingsRoomId4': None, 'includeBookingsRoomId5': None, 'includeBookingsRoomId6': None, 'includeBookingsRoomId7': None, 'includeBookingsRoomId8': None, 'includeBookingsRoomId9': None, 'includeBookingsRoomId10': None, 'includeBookingsRoomId11': None, 'includeBookingsRoomId12': None, 'assignBookingsTo': {'type': 'thisRoom'}}","{'template1': '', 'template2': '', 'template3': '', 'template4': '', 'template5': '', 'template6': '', 'template7': '', 'template8': ''}",perBooking,{'name': ''},"[{'id': 1, 'name': '05', 'statusText': '', 'statusColor': None, 'notes': ''}]","[['BEDROOM', 'BED_DOUBLE'], ['BATHROOM', 'BATH_SHOWER', 'BATH_TOILET'], ['SHAMPOO'], ['LINENS'], ['AIR_CONDITIONING'], ['HAIR_DRYER'], ['TOILETRIES'], ['TOWELS'], ['SAFE'], ['DESK'], ['LAPTOP_FRIENDLY'], ['TV'], ['SATELLITE'], ['WIFI'], ['REFRIGERATOR'], ['KETTLE'], ['COFFEE_MAKER'], ['HANGERS'], ['DECK_PATIO_UNCOVERED'], ['BREAKFAST_POSSIBLE']]"
354682,161014,Deluxe Double or Twin Room with Pool Access,double,4,0,,365,stayThrough,2,,,0,0,490000,0,0,5.0,,ffffff,True,property,0,5,"{'includeSubDependencies': False, 'combinationLogic': {'type': 'sumAllBookings'}, 'dependentRoomId1': None, 'dependentRoomId2': None, 'dependentRoomId3': None, 'dependentRoomId4': None, 'dependentRoomId5': None, 'dependentRoomId6': None, 'dependentRoomId7': None, 'dependentRoomId8': None, 'dependentRoomId9': None, 'dependentRoomId10': None, 'dependentRoomId11': None, 'dependentRoomId12': None, 'includeBookingsRoomId1': None, 'includeBookingsRoomId2': None, 'includeBookingsRoomId3': None, 'includeBookingsRoomId4': None, 'includeBookingsRoomId5': None, 'includeBookingsRoomId6': None, 'includeBookingsRoomId7': None, 'includeBookingsRoomId8': None, 'includeBookingsRoomId9': None, 'includeBookingsRoomId10': None, 'includeBookingsRoomId11': None, 'includeBookingsRoomId12': None, 'assignBookingsTo': {'type': 'thisRoom'}}","{'template1': '', 'template2': '', 'template3': '', 'template4': '', 'template5': '', 'template6': '', 'template7': '', 'template8': ''}",perBooking,{'name': ''},"[{'id': 1, 'name': '01', 'statusText': '', 'statusColor': None, 'notes': ''}, {'id': 2, 'name': '02', 'statusText': '', 'statusColor': None, 'notes': ''}, {'id': 3, 'name': '03', 'statusText': '', 'statusColor': None, 'notes': ''}, {'id': 4, 'name': '04', 'statusText': '', 'statusColor': None, 'notes': ''}]","[['BEDROOM', 'BED_DOUBLE'], ['BATHROOM', 'BATH_SHOWER', 'BATH_TOILET'], ['SHAMPOO'], ['LINENS'], ['AIR_CONDITIONING'], ['HAIR_DRYER'], ['TOILETRIES'], ['TOWELS'], ['SAFE'], ['DESK'], ['LAPTOP_FRIENDLY'], ['TV'], ['SATELLITE'], ['WIFI'], ['REFRIGERATOR'], ['KETTLE'], ['COFFEE_MAKER'], ['HANGERS'], ['DECK_PATIO_UNCOVERED'], ['BREAKFAST_POSSIBLE']]"
354683,161014,Deluxe Double or Twin Room with Balcony,double,4,0,,365,stayThrough,2,,,0,0,480000,0,0,5.0,,ffffff,True,property,0,3,"{'includeSubDependencies': False, 'combinationLogic': {'type': 'sumAllBookings'}, 'dependentRoomId1': None, 'dependentRoomId2': None, 'dependentRoomId3': None, 'dependentRoomId4': None, 'dependentRoomId5': None, 'dependentRoomId6': None, 'dependentRoomId7': None, 'dependentRoomId8': None, 'dependentRoomId9': None, 'dependentRoomId10': None, 'dependentRoomId11': None, 'dependentRoomId12': None, 'includeBookingsRoomId1': None, 'includeBookingsRoomId2': None, 'includeBookingsRoomId3': None, 'includeBookingsRoomId4': None, 'includeBookingsRoomId5': None, 'includeBookingsRoomId6': None, 'includeBookingsRoomId7': None, 'includeBookingsRoomId8': None, 'includeBookingsRoomId9': None, 'includeBookingsRoomId10': None, 'includeBookingsRoomId11': None, 'includeBookingsRoomId12': None, 'assignBookingsTo': {'type': 'thisRoom'}}","{'template1': '', 'template2': '', 'template3': '', 'template4': '', 'template5': '', 'template6': '', 'template7': '', 'template8': ''}",perBooking,{'name': ''},"[{'id': 1, 'name': '06', 'statusText': '', 'statusColor': None, 'notes': ''}, {'id': 2, 'name': '07', 'statusText': '', 'statusColor': None, 'notes': ''}, {'id': 3, 'name': '08', 'statusText': '', 'statusColor': None, 'notes': ''}, {'id': 4, 'name': '09', 'statusText': '', 'statusColor': None, 'notes': ''}]","[['BEDROOM', 'BED_DOUBLE'], ['BATHROOM', 'BATH_SHOWER', 'BATH_TOILET'], ['SHAMPOO'], ['LINENS'], ['AIR_CONDITIONING'], ['HAIR_DRYER'], ['TOILETRIES'], ['TOWELS'], ['SAFE'], ['DESK'], ['LAPTOP_FRIENDLY'], ['TV'], ['SATELLITE'], ['WIFI'], ['REFRIGERATOR'], ['KETTLE'], ['COFFEE_MAKER'], ['HANGERS'], ['DECK_PATIO_UNCOVERED'], ['BALCONY'], ['BREAKFAST_POSSIBLE']]"
359135,163277,Deluxe Garden View,double,5,0,,365,stayThrough,2,,,0,0,0,0,0,5.0,,ffffff,True,property,0,5,"{'includeSubDependencies': False, 'combinationLogic': {'type': 'sumAllBookings'}, 'dependentRoomId1': None, 'dependentRoomId2': None, 'dependentRoomId3': None, 'dependentRoomId4': None, 'dependentRoomId5': None, 'dependentRoomId6': None, 'dependentRoomId7': None, 'dependentRoomId8': None, 'dependentRoomId9': None, 'dependentRoomId10': None, 'dependentRoomId11': None, 'dependentRoomId12': None, 'includeBookingsRoomId1': None, 'includeBookingsRoomId2': None, 'includeBookingsRoomId3': None, 'includeBookingsRoomId4': None, 'includeBookingsRoomId5': None, 'includeBookingsRoomId6': None, 'includeBookingsRoomId7': None, 'includeBookingsRoomId8': None, 'includeBookingsRoomId9': None, 'includeBookingsRoomId10': None, 'includeBookingsRoomId11': None, 'includeBookingsRoomId12': None, 'assignBookingsTo': {'type': 'thisRoom'}}","{'template1': '', 'template2': '', 'template3': '', 'template4': '', 'template5': '', 'template6': '', 'template7': '', 'template8': ''}",perBooking,{'name': ''},"[{'id': 1, 'name': '01', 'statusText': '', 'statusColor': None, 'notes': ''}, {'id': 2, 'name': '02', 'statusText': '', 'statusColor': None, 'notes': ''}, {'id': 3, 'name': '03', 'statusText': '', 'statusColor': None, 'notes': ''}, {'id': 4, 'name': '04', 'statusText': '', 'statusColor': None, 'notes': ''}, {'id': 5, 'name': '05', 'statusText': '', 'statusColor': None, 'notes': ''}]",[]
359136,163277,Bungalow Sea View,double,4,0,,365,stayThrough,2,,,0,0,0,0,0,5.0,,ffffff,True,property,0,6,"{'includeSubDependencies': False, 'combinationLogic': {'type': 'sumAllBookings'}, 'dependentRoomId1': None, 'dependentRoomId2': None, 'dependentRoomId3': None, 'dependentRoomId4': None, 'dependentRoomId5': None, 'dependentRoomId6': None, 'dependentRoomId7': None, 'dependentRoomId8': None, 'dependentRoomId9': None, 'dependentRoomId10': None, 'dependentRoomId11': None, 'dependentRoomId12': None, 'includeBookingsRoomId1': None, 'includeBookingsRoomId2': None, 'includeBookingsRoomId3': None, 'includeBookingsRoomId4': None, 'includeBookingsRoomId5': None, 'includeBookingsRoomId6': None, 'includeBookingsRoomId7': None, 'includeBookingsRoomId8': None, 'includeBookingsRoomId9': None, 'includeBookingsRoomId10': None, 'includeBookingsRoomId11': None, 'includeBookingsRoomId12': None, 'assignBookingsTo': {'type': 'thisRoom'}}","{'template1': '', 'template2': '', 'template3': '', 'template4': '', 'template5': '', 'template6': '', 'template7': '', 'template8': ''}",perBooking,{'name': ''},"[{'id': 1, 'name': '01', 'statusText': '', 'statusColor': None, 'notes': ''}, {'id': 2, 'name': '02', 'statusText': '', 'statusColor': None, 'notes': ''}, {'id': 3, 'name': '03', 'statusText': '', 'statusColor': None, 'notes': ''}, {'id': 4, 'name': '04', 'statusText': '', 'statusColor': None, 'notes': ''}]","[['HANGERS'], ['SHAMPOO'], ['HAIR_DRYER'], ['AIR_CONDITIONING'], ['TOILETRIES'], ['TOWELS'], ['SAFE'], ['DESK'], ['TV'], ['WIFI'], ['BEACH_FRONT']]"
359142,163277,Deluxe Pool View,double,10,0,,365,stayThrough,2,,,0,0,0,0,0,5.0,,ffffff,True,property,0,4,"{'includeSubDependencies': False, 'combinationLogic': {'type': 'sumAllBookings'}, 'dependentRoomId1': None, 'dependentRoomId2': None, 'dependentRoomId3': None, 'dependentRoomId4': None, 'dependentRoomId5': None, 'dependentRoomId6': None, 'dependentRoomId7': None, 'dependentRoomId8': None, 'dependentRoomId9': None, 'dependentRoomId10': None, 'dependentRoomId11': None, 'dependentRoomId12': None, 'includeBookingsRoomId1': None, 'includeBookingsRoomId2': None, 'includeBookingsRoomId3': None, 'includeBookingsRoomId4': None, 'includeBookingsRoomId5': None, 'includeBookingsRoomId6': None, 'includeBookingsRoomId7': None, 'includeBookingsRoomId8': None, 'includeBookingsRoomId9': None, 'includeBookingsRoomId10': None, 'includeBookingsRoomId11': None, 'includeBookingsRoomId12': None, 'assignBookingsTo': {'type': 'thisRoom'}}","{'template1': '', 'template2': '', 'template3': '', 'template4': '', 'template5': '', 'template6': '', 'template7': '', 'template8': ''}",perBooking,{'name': ''},"[{'id': 1, 'name': '06', 'statusText': '', 'statusColor': None, 'notes': ''}, {'id': 2, 'name': '07', 'statusText': '', 'statusColor': None, 'notes': ''}, {'id': 3, 'name': '08', 'statusText': '', 'statusColor': None, 'notes': ''}, {'id': 4, 'name': '09', 'statusText': '', 'statusColor': None, 'notes': ''}, {'id': 5, 'name': '10', 'statusText': '', 'statusColor': None, 'notes': ''}, {'id': 6, 'name': '11', 'statusText': '', 'statusColor': None, 'notes': ''}, {'id': 7, 'name': '12', 'statusText': '', 'statusColor': None, 'notes': ''}, {'id': 8, 'name': '13', 'statusText': '', 'statusColor': None, 'notes': ''}, {'id': 9, 'name': '14', 'statusText': '', 'statusColor': None, 'notes': ''}, {'id': 10, 'name': '15', 'statusText': '', 'statusColor': None, 'notes': ''}]",[]
370147,169082,Double Room No 1,double,1,0,,365,stayThrough,2,,,0,0,250000,0,0,5.0,,ffffff,True,property,0,5,"{'includeSubDependencies': False, 'combinationLogic': {'type': 'sumAllBookings'}, 'dependentRoomId1': None, 'dependentRoomId2': None, 'dependentRoomId3': None, 'dependentRoomId4': None, 'dependentRoomId5': None, 'dependentRoomId6': None, 'dependentRoomId7': None, 'dependentRoomId8': None, 'dependentRoomId9': None, 'dependentRoomId10': None, 'dependentRoomId11': None, 'dependentRoomId12': None, 'includeBookingsRoomId1': None, 'includeBookingsRoomId2': None, 'includeBookingsRoomId3': None, 'includeBookingsRoomId4': None, 'includeBookingsRoomId5': None, 'includeBookingsRoomId6': None, 'includeBookingsRoomId7': None, 'includeBookingsRoomId8': None, 'includeBookingsRoomId9': None, 'includeBookingsRoomId10': None, 'includeBookingsRoomId11': None, 'includeBookingsRoomId12': None, 'assignBookingsTo': {'type': 'thisRoom'}}","{'template1': '', 'template2': '', 'template3': '', 'template4': '', 'template5': '', 'template6': '', 'template7': '', 'template8': ''}",perBooking,{'name': ''},"[{'id': 1, 'name': '01', 'statusText': '', 'statusColor': None, 'notes': ''}]","[['GARAGE'], ['LINENS'], ['SITTING_AREA'], ['PARKING_POSSIBLE'], ['DECK_PATIO_UNCOVERED'], ['SHAMPOO'], ['AIR_CONDITIONING'], ['TOILETRIES'], ['TOWELS'], ['GARDEN'], ['DESK'], ['LAPTOP_FRIENDLY'], ['BREAKFAST_POSSIBLE'], ['MOUNTAIN'], ['AIRPORT_SHUTTLE'], ['CLEANING_POSSIBLE'], ['BAGGAGE_STORAGE'], ['CAR_AVAILABLE'], ['RECEPTION_24_HOUR'], ['BEDROOM', 'BED_DOUBLE']]"
370148,169082,Double Room 2 & 4,double,2,0,,365,stayThrough,2,,,0,0,300000,0,0,5.0,,ffffff,True,property,0,5,"{'includeSubDependencies': False, 'combinationLogic': {'type': 'sumAllBookings'}, 'dependentRoomId1': None, 'dependentRoomId2': None, 'dependentRoomId3': None, 'dependentRoomId4': None, 'dependentRoomId5': None, 'dependentRoomId6': None, 'dependentRoomId7': None, 'dependentRoomId8': None, 'dependentRoomId9': None, 'dependentRoomId10': None, 'dependentRoomId11': None, 'dependentRoomId12': None, 'includeBookingsRoomId1': None, 'includeBookingsRoomId2': None, 'includeBookingsRoomId3': None, 'includeBookingsRoomId4': None, 'includeBookingsRoomId5': None, 'includeBookingsRoomId6': None, 'includeBookingsRoomId7': None, 'includeBookingsRoomId8': None, 'includeBookingsRoomId9': None, 'includeBookingsRoomId10': None, 'includeBookingsRoomId11': None, 'includeBookingsRoomId12': None, 'assignBookingsTo': {'type': 'thisRoom'}}","{'template1': '', 'template2': '', 'template3': '', 'template4': '', 'template5': '', 'template6': '', 'template7': '', 'template8': ''}",perBooking,{'name': ''},"[{'id': 1, 'name': '02', 'statusText': '', 'statusColor': None, 'notes': ''}, {'id': 2, 'name': '04', 'statusText': '', 'statusColor': None, 'notes': ''}]",[]
370149,169082,Twin Room No 3,twin,1,0,,365,stayThrough,2,,,0,0,250000,0,0,5.0,,ffffff,True,property,0,5,"{'includeSubDependencies': False, 'combinationLogic': {'type': 'sumAllBookings'}, 'dependentRoomId1': None, 'dependentRoomId2': None, 'dependentRoomId3': None, 'dependentRoomId4': None, 'dependentRoomId5': None, 'dependentRoomId6': None, 'dependentRoomId7': None, 'dependentRoomId8': None, 'dependentRoomId9': None, 'dependentRoomId10': None, 'dependentRoomId11': None, 'dependentRoomId12': None, 'includeBookingsRoomId1': None, 'includeBookingsRoomId2': None, 'includeBookingsRoomId3': None, 'includeBookingsRoomId4': None, 'includeBookingsRoomId5': None, 'includeBookingsRoomId6': None, 'includeBookingsRoomId7': None, 'includeBookingsRoomId8': None, 'includeBookingsRoomId9': None, 'includeBookingsRoomId10': None, 'includeBookingsRoomId11': None, 'includeBookingsRoomId12': None, 'assignBookingsTo': {'type': 'thisRoom'}}","{'template1': '', 'template2': '', 'template3': '', 'template4': '', 'template5': '', 'template6': '', 'template7': '', 'template8': ''}",perBooking,{'name': ''},"[{'id': 1, 'name': '03', 'statusText': '', 'statusColor': None, 'notes': ''}]",[]
370150,169082,"Hot Water, Quadruple Room 5-6",quadruple,2,0,,365,stayThrough,4,4.0,,0,0,300000,0,0,5.0,,ffffff,True,property,0,5,"{'includeSubDependencies': False, 'combinationLogic': {'type': 'sumAllBookings'}, 'dependentRoomId1': None, 'dependentRoomId2': None, 'dependentRoomId3': None, 'dependentRoomId4': None, 'dependentRoomId5': None, 'dependentRoomId6': None, 'dependentRoomId7': None, 'dependentRoomId8': None, 'dependentRoomId9': None, 'dependentRoomId10': None, 'dependentRoomId11': None, 'dependentRoomId12': None, 'includeBookingsRoomId1': None, 'includeBookingsRoomId2': None, 'includeBookingsRoomId3': None, 'includeBookingsRoomId4': None, 'includeBookingsRoomId5': None, 'includeBookingsRoomId6': None, 'includeBookingsRoomId7': None, 'includeBookingsRoomId8': None, 'includeBookingsRoomId9': None, 'includeBookingsRoomId10': None, 'includeBookingsRoomId11': None, 'includeBookingsRoomId12': None, 'assignBookingsTo': {'type': 'thisRoom'}}","{'template1': '', 'template2': '', 'template3': '', 'template4': '', 'template5': '', 'template6': '', 'template7': '', 'template8': ''}",perBooking,{'name': ''},"[{'id': 1, 'name': '05', 'statusText': '', 'statusColor': None, 'notes': ''}, {'id': 2, 'name': '06', 'statusText': '', 'statusColor': None, 'notes': ''}]","[['PARKING_INCLUDED'], ['LINENS'], ['TOILETRIES'], ['TOWELS'], ['CEILING_FAN'], ['BREAKFAST_POSSIBLE'], ['BREAKFAST_INCLUDED'], ['BREAKFAST_IN_ROOM'], ['LUNCH_POSSIBLE'], ['DINNER_POSSIBLE'], ['WIFI'], ['KITCHEN'], ['AIRPORT_SHUTTLE'], ['BAGGAGE_STORAGE'], ['RECEPTION'], ['RECEPTION_24_HOUR'], ['CLEANING_INCLUDED'], ['BEDROOM', 'BED_DOUBLE'], ['BEDROOM', 'BED_SINGLE'], ['BATHROOM', 'BATH_SHOWER', 'BATH_TOILET']]"
500275,169082,2 Twin & 1 Double No Hot water,family,1,0,,365,stayThrough,4,4.0,,0,0,0,0,0,5.0,,ffffff,True,room,0,5,"{'includeSubDependencies': False, 'combinationLogic': {'type': 'sumAllBookings'}, 'dependentRoomId1': None, 'dependentRoomId2': None, 'dependentRoomId3': None, 'dependentRoomId4': None, 'dependentRoomId5': None, 'dependentRoomId6': None, 'dependentRoomId7': None, 'dependentRoomId8': None, 'dependentRoomId9': None, 'dependentRoomId10': None, 'dependentRoomId11': None, 'dependentRoomId12': None, 'includeBookingsRoomId1': None, 'includeBookingsRoomId2': None, 'includeBookingsRoomId3': None, 'includeBookingsRoomId4': None, 'includeBookingsRoomId5': None, 'includeBookingsRoomId6': None, 'includeBookingsRoomId7': None, 'includeBookingsRoomId8': None, 'includeBookingsRoomId9': None, 'includeBookingsRoomId10': None, 'includeBookingsRoomId11': None, 'includeBookingsRoomId12': None, 'assignBookingsTo': {'type': 'thisRoom'}}","{'template1': '', 'template2': '', 'template3': '', 'template4': '', 'template5': '', 'template6': '', 'template7': '', 'template8': ''}",perBooking,{'name': ''},"[{'id': 1, 'name': '07', 'statusText': '', 'statusColor': None, 'notes': ''}]","[['BEDROOM', 'BED_DOUBLE']]"
381255,174792,Villa,double,4,0,,365,stayThrough,2,,,0,0,0,0,0,5.0,56.0,ffffff,True,property,0,5,"{'includeSubDependencies': False, 'combinationLogic': {'type': 'sumAllBookings'}, 'dependentRoomId1': None, 'dependentRoomId2': None, 'dependentRoomId3': None, 'dependentRoomId4': None, 'dependentRoomId5': None, 'dependentRoomId6': None, 'dependentRoomId7': None, 'dependentRoomId8': None, 'dependentRoomId9': None, 'dependentRoomId10': None, 'dependentRoomId11': None, 'dependentRoomId12': None, 'includeBookingsRoomId1': None, 'includeBookingsRoomId2': None, 'includeBookingsRoomId3': None, 'includeBookingsRoomId4': None, 'includeBookingsRoomId5': None, 'includeBookingsRoomId6': None, 'includeBookingsRoomId7': None, 'includeBookingsRoomId8': None, 'includeBookingsRoomId9': None, 'includeBookingsRoomId10': None, 'includeBookingsRoomId11': None, 'includeBookingsRoomId12': None, 'assignBookingsTo': {'type': 'thisRoom'}}","{'template1': '', 'template2': '', 'template3': '', 'template4': '', 'template5': '', 'template6': '', 'template7': '', 'template8': ''}",perBooking,{'name': ''},"[{'id': 1, 'name': '', 'statusText': '', 'statusColor': None, 'notes': ''}, {'id': 2, 'name': '', 'statusText': '', 'statusColor': None, 'notes': ''}, {'id': 3, 'name': '', 'statusText': '', 'statusColor': None, 'notes': ''}, {'id': 4, 'name': '', 'statusText': '', 'statusColor': None, 'notes': ''}]","[['FREE', 'TOILETRIES_SHOWER_KITCHEN'], ['SAFETY', 'DEPOSIT', 'BOX_STREAMING', 'SERVICE', '(LIKE', 'NETFLIX)'], ['TOILET_SOFA_SOCKET', 'NEAR', 'THE', 'BED'], [""DESK_CHILDREN'S"", 'HIGH', 'CHAIR_SEATING', 'AREA'], ['PRIVATE', 'ENTRANCE_TV'], ['REFRIGERATOR_SATELLITE', 'CHANNELS'], ['HAIRDRYER_KITCHENETTE_FAN'], ['ELECTRIC', 'KETTLE_DINING', 'TABLE'], ['PRIVATE', 'APARTMENT', 'IN', 'BUILDING'], ['CLOTHES', 'RACK_TOILET', 'PAPER.']]"
388810,179195,Bungalow Garden View,bungalow,8,0,,365,stayThrough,2,,,0,0,700000,0,0,5.0,,ffffff,True,property,0,5,"{'includeSubDependencies': False, 'combinationLogic': {'type': 'sumAllBookings'}, 'dependentRoomId1': None, 'dependentRoomId2': None, 'dependentRoomId3': None, 'dependentRoomId4': None, 'dependentRoomId5': None, 'dependentRoomId6': None, 'dependentRoomId7': None, 'dependentRoomId8': None, 'dependentRoomId9': None, 'dependentRoomId10': None, 'dependentRoomId11': None, 'dependentRoomId12': None, 'includeBookingsRoomId1': None, 'includeBookingsRoomId2': None, 'includeBookingsRoomId3': None, 'includeBookingsRoomId4': None, 'includeBookingsRoomId5': None, 'includeBookingsRoomId6': None, 'includeBookingsRoomId7': None, 'includeBookingsRoomId8': None, 'includeBookingsRoomId9': None, 'includeBookingsRoomId10': None, 'includeBookingsRoomId11': None, 'includeBookingsRoomId12': None, 'assignBookingsTo': {'type': 'thisRoom'}}","{'template1': '', 'template2': '', 'template3': '', 'template4': '', 'template5': '', 'template6': '', 'template7': '', 'template8': ''}",perBooking,{'name': ''},"[{'id': 1, 'name': '04', 'statusText': '', 'statusColor': None, 'notes': ''}, {'id': 2, 'name': '05', 'statusText': '', 'statusColor': None, 'notes': ''}, {'id': 3, 'name': '06', 'statusText': '', 'statusColor': None, 'notes': ''}, {'id': 4, 'name': '07', 'statusText': '', 'statusColor': None, 'notes': ''}, {'id': 5, 'name': '08', 'statusText': '', 'statusColor': None, 'notes': ''}, {'id': 6, 'name': '09', 'statusText': '', 'statusColor': None, 'notes': ''}, {'id': 7, 'name': '10', 'statusText': '', 'statusColor': None, 'notes': ''}, {'id': 8, 'name': '11', 'statusText': '', 'statusColor': None, 'notes': ''}]","[['DESK'], ['LUXORY_LINEN'], ['TABLES_AND_CHAIRS'], ['SEPARATE_TOILET_AREA'], ['PRIVATE_BATHROOM'], ['REFRIGERATOR'], ['MINIBAR'], ['TV_HD_32_PLUS'], ['CLOSETS_IN_ROOM'], ['TV'], ['BEDROOM', 'BED_DOUBLE'], ['BATHROOM', 'BATH_SHOWER', 'BATH_TOILET']]"
388811,179195,Bungalow Sea View,bungalow,2,0,,365,stayThrough,2,,,0,0,900000,0,0,6.0,,ffffff,True,property,0,8,"{'includeSubDependencies': False, 'combinationLogic': {'type': 'sumAllBookings'}, 'dependentRoomId1': None, 'dependentRoomId2': None, 'dependentRoomId3': None, 'dependentRoomId4': None, 'dependentRoomId5': None, 'dependentRoomId6': None, 'dependentRoomId7': None, 'dependentRoomId8': None, 'dependentRoomId9': None, 'dependentRoomId10': None, 'dependentRoomId11': None, 'dependentRoomId12': None, 'includeBookingsRoomId1': None, 'includeBookingsRoomId2': None, 'includeBookingsRoomId3': None, 'includeBookingsRoomId4': None, 'includeBookingsRoomId5': None, 'includeBookingsRoomId6': None, 'includeBookingsRoomId7': None, 'includeBookingsRoomId8': None, 'includeBookingsRoomId9': None, 'includeBookingsRoomId10': None, 'includeBookingsRoomId11': None, 'includeBookingsRoomId12': None, 'assignBookingsTo': {'type': 'thisRoom'}}","{'template1': '', 'template2': '', 'template3': '', 'template4': '', 'template5': '', 'template6': '', 'template7': '', 'template8': ''}",perBooking,{'name': ''},"[{'id': 1, 'name': '01', 'statusText': '', 'statusColor': None, 'notes': ''}, {'id': 2, 'name': '02', 'statusText': '', 'statusColor': None, 'notes': ''}]","[['LUXORY_LINEN'], ['TABLES_AND_CHAIRS'], ['DESK'], ['REFRIGERATOR'], ['PRIVATE_BATHROOM'], ['SEPARATE_TOILET_AREA'], ['CLOSETS_IN_ROOM'], ['TV_HD_32_PLUS'], ['OCEAN_VIEW'], ['COFFEE_MAKER'], ['TV'], ['BEDROOM', 'BED_DOUBLE'], ['BATHROOM', 'BATH_SHOWER', 'BATH_TOILET'], ['LINENS'], ['SHAMPOO'], ['DECK_PATIO_UNCOVERED'], ['TOILETRIES'], ['TOWELS'], ['SAFE']]"
388812,179195,Deluxe Double Room,double,6,0,,365,stayThrough,2,,,0,0,800000,0,0,4.0,,ffffff,True,property,0,2,"{'includeSubDependencies': False, 'combinationLogic': {'type': 'sumAllBookings'}, 'dependentRoomId1': None, 'dependentRoomId2': None, 'dependentRoomId3': None, 'dependentRoomId4': None, 'dependentRoomId5': None, 'dependentRoomId6': None, 'dependentRoomId7': None, 'dependentRoomId8': None, 'dependentRoomId9': None, 'dependentRoomId10': None, 'dependentRoomId11': None, 'dependentRoomId12': None, 'includeBookingsRoomId1': None, 'includeBookingsRoomId2': None, 'includeBookingsRoomId3': None, 'includeBookingsRoomId4': None, 'includeBookingsRoomId5': None, 'includeBookingsRoomId6': None, 'includeBookingsRoomId7': None, 'includeBookingsRoomId8': None, 'includeBookingsRoomId9': None, 'includeBookingsRoomId10': None, 'includeBookingsRoomId11': None, 'includeBookingsRoomId12': None, 'assignBookingsTo': {'type': 'thisRoom'}}","{'template1': '', 'template2': '', 'template3': '', 'template4': '', 'template5': '', 'template6': '', 'template7': '', 'template8': ''}",perBooking,{'name': ''},"[{'id': 1, 'name': '14', 'statusText': '', 'statusColor': None, 'notes': ''}, {'id': 2, 'name': '15', 'statusText': '', 'statusColor': None, 'notes': ''}, {'id': 3, 'name': '16', 'statusText': '', 'statusColor': None, 'notes': ''}, {'id': 4, 'name': '17', 'statusText': '', 'statusColor': None, 'notes': ''}, {'id': 5, 'name': '18', 'statusText': '', 'statusColor': None, 'notes': ''}, {'id': 6, 'name': '19', 'statusText': '', 'statusColor': None, 'notes': ''}]","[['SEPARATE_TOILET_AREA'], ['PRIVATE_BATHROOM'], ['REFRIGERATOR'], ['LUXORY_LINEN'], ['TABLES_AND_CHAIRS'], ['DESK'], ['COFFEE_MAKER'], ['TV'], ['TV_HD_32_PLUS'], ['CLOSETS_IN_ROOM'], ['CABLE'], ['MINIBAR'], ['BEDROOM', 'BED_DOUBLE'], ['BATHROOM', 'BATH_SHOWER', 'BATH_TOILET']]"
388813,179195,Double Garden View,double,2,0,,365,stayThrough,2,,,0,0,600000,0,0,1.0,,ffffff,True,property,0,3,"{'includeSubDependencies': False, 'combinationLogic': {'type': 'sumAllBookings'}, 'dependentRoomId1': None, 'dependentRoomId2': None, 'dependentRoomId3': None, 'dependentRoomId4': None, 'dependentRoomId5': None, 'dependentRoomId6': None, 'dependentRoomId7': None, 'dependentRoomId8': None, 'dependentRoomId9': None, 'dependentRoomId10': None, 'dependentRoomId11': None, 'dependentRoomId12': None, 'includeBookingsRoomId1': None, 'includeBookingsRoomId2': None, 'includeBookingsRoomId3': None, 'includeBookingsRoomId4': None, 'includeBookingsRoomId5': None, 'includeBookingsRoomId6': None, 'includeBookingsRoomId7': None, 'includeBookingsRoomId8': None, 'includeBookingsRoomId9': None, 'includeBookingsRoomId10': None, 'includeBookingsRoomId11': None, 'includeBookingsRoomId12': None, 'assignBookingsTo': {'type': 'thisRoom'}}","{'template1': '', 'template2': '', 'template3': '', 'template4': '', 'template5': '', 'template6': '', 'template7': '', 'template8': ''}",perBooking,{'name': ''},"[{'id': 1, 'name': '12', 'statusText': '', 'statusColor': None, 'notes': ''}, {'id': 2, 'name': '13', 'statusText': '', 'statusColor': None, 'notes': ''}]","[['REFRIGERATOR'], ['SEPARATE_TOILET_AREA'], ['PRIVATE_BATHROOM'], ['ROOM_CONNECTING'], ['DESK'], ['TABLES_AND_CHAIRS'], ['LUXORY_LINEN'], ['TV'], ['COFFEE_MAKER'], ['MINIBAR'], ['CLOSETS_IN_ROOM'], ['TV_HD_32_PLUS'], ['BEDROOM', 'BED_DOUBLE'], ['BATHROOM', 'BATH_SHOWER', 'BATH_TOILET']]"
622210,179195,Deluxe Bungalow,double,3,0,,365,stayThrough,2,,,0,0,0,0,0,5.0,,ffffff,True,room,0,1,"{'includeSubDependencies': False, 'combinationLogic': {'type': 'sumAllBookings'}, 'dependentRoomId1': None, 'dependentRoomId2': None, 'dependentRoomId3': None, 'dependentRoomId4': None, 'dependentRoomId5': None, 'dependentRoomId6': None, 'dependentRoomId7': None, 'dependentRoomId8': None, 'dependentRoomId9': None, 'dependentRoomId10': None, 'dependentRoomId11': None, 'dependentRoomId12': None, 'includeBookingsRoomId1': None, 'includeBookingsRoomId2': None, 'includeBookingsRoomId3': None, 'includeBookingsRoomId4': None, 'includeBookingsRoomId5': None, 'includeBookingsRoomId6': None, 'includeBookingsRoomId7': None, 'includeBookingsRoomId8': None, 'includeBookingsRoomId9': None, 'includeBookingsRoomId10': None, 'includeBookingsRoomId11': None, 'includeBookingsRoomId12': None, 'assignBookingsTo': {'type': 'thisRoom'}}","{'template1': '', 'template2': '', 'template3': '', 'template4': '', 'template5': '', 'template6': '', 'template7': '', 'template8': ''}",perBooking,{'name': 'Unallocated'},"[{'id': 1, 'name': '20', 'statusText': '', 'statusColor': None, 'notes': ''}, {'id': 2, 'name': '21', 'statusText': '', 'statusColor': None, 'notes': ''}, {'id': 3, 'name': '22', 'statusText': '', 'statusColor': None, 'notes': ''}]",[]
416397,193394,Budget Double Room,double,5,0,,365,stayThrough,2,,,0,0,0,0,0,5.0,,ffffff,True,property,0,5,"{'includeSubDependencies': False, 'combinationLogic': {'type': 'sumAllBookings'}, 'dependentRoomId1': None, 'dependentRoomId2': None, 'dependentRoomId3': None, 'dependentRoomId4': None, 'dependentRoomId5': None, 'dependentRoomId6': None, 'dependentRoomId7': None, 'dependentRoomId8': None, 'dependentRoomId9': None, 'dependentRoomId10': None, 'dependentRoomId11': None, 'dependentRoomId12': None, 'includeBookingsRoomId1': None, 'includeBookingsRoomId2': None, 'includeBookingsRoomId3': None, 'includeBookingsRoomId4': None, 'includeBookingsRoomId5': None, 'includeBookingsRoomId6': None, 'includeBookingsRoomId7': None, 'includeBookingsRoomId8': None, 'includeBookingsRoomId9': None, 'includeBookingsRoomId10': None, 'includeBookingsRoomId11': None, 'includeBookingsRoomId12': None, 'assignBookingsTo': {'type': 'thisRoom'}}","{'template1': '', 'template2': '', 'template3': '', 'template4': '', 'template5': '', 'template6': '', 'template7': '', 'template8': ''}",perBooking,{'name': ''},"[{'id': 1, 'name': '05', 'statusText': '', 'statusColor': None, 'notes': ''}, {'id': 2, 'name': '06', 'statusText': '', 'statusColor': None, 'notes': ''}, {'id': 3, 'name': '07', 'statusText': '', 'statusColor': None, 'notes': ''}, {'id': 4, 'name': '08', 'statusText': '', 'statusColor': None, 'notes': ''}, {'id': 5, 'name': '12', 'statusText': '', 'statusColor': None, 'notes': ''}]","[['BEDROOM', 'BED_DOUBLE'], ['BATHROOM', 'BATH_SHOWER', 'BATH_TOILET']]"
416398,193394,Deluxe Double Room,double,3,0,,365,stayThrough,2,2.0,,0,0,0,0,0,5.0,,ffffff,True,property,0,5,"{'includeSubDependencies': False, 'combinationLogic': {'type': 'sumAllBookings'}, 'dependentRoomId1': None, 'dependentRoomId2': None, 'dependentRoomId3': None, 'dependentRoomId4': None, 'dependentRoomId5': None, 'dependentRoomId6': None, 'dependentRoomId7': None, 'dependentRoomId8': None, 'dependentRoomId9': None, 'dependentRoomId10': None, 'dependentRoomId11': None, 'dependentRoomId12': None, 'includeBookingsRoomId1': None, 'includeBookingsRoomId2': None, 'includeBookingsRoomId3': None, 'includeBookingsRoomId4': None, 'includeBookingsRoomId5': None, 'includeBookingsRoomId6': None, 'includeBookingsRoomId7': None, 'includeBookingsRoomId8': None, 'includeBookingsRoomId9': None, 'includeBookingsRoomId10': None, 'includeBookingsRoomId11': None, 'includeBookingsRoomId12': None, 'assignBookingsTo': {'type': 'thisRoom'}}","{'template1': '', 'template2': '', 'template3': '', 'template4': '', 'template5': '', 'template6': '', 'template7': '', 'template8': ''}",perBooking,{'name': ''},"[{'id': 1, 'name': '02', 'statusText': '', 'statusColor': None, 'notes': ''}, {'id': 2, 'name': '03', 'statusText': '', 'statusColor': None, 'notes': ''}, {'id': 3, 'name': '04', 'statusText': '', 'statusColor': None, 'notes': ''}]","[['BEDROOM', 'BED_DOUBLE'], ['BATHROOM', 'BATH_SHOWER', 'BATH_TOILET']]"
416400,193394,Budget Twin Room,double,3,0,,365,stayThrough,2,,,0,0,0,0,0,5.0,,ffffff,True,property,0,10,"{'includeSubDependencies': False, 'combinationLogic': {'type': 'sumAllBookings'}, 'dependentRoomId1': None, 'dependentRoomId2': None, 'dependentRoomId3': None, 'dependentRoomId4': None, 'dependentRoomId5': None, 'dependentRoomId6': None, 'dependentRoomId7': None, 'dependentRoomId8': None, 'dependentRoomId9': None, 'dependentRoomId10': None, 'dependentRoomId11': None, 'dependentRoomId12': None, 'includeBookingsRoomId1': None, 'includeBookingsRoomId2': None, 'includeBookingsRoomId3': None, 'includeBookingsRoomId4': None, 'includeBookingsRoomId5': None, 'includeBookingsRoomId6': None, 'includeBookingsRoomId7': None, 'includeBookingsRoomId8': None, 'includeBookingsRoomId9': None, 'includeBookingsRoomId10': None, 'includeBookingsRoomId11': None, 'includeBookingsRoomId12': None, 'assignBookingsTo': {'type': 'thisRoom'}}","{'template1': '', 'template2': '', 'template3': '', 'template4': '', 'template5': '', 'template6': '', 'template7': '', 'template8': ''}",perBooking,{'name': ''},"[{'id': 1, 'name': '09', 'statusText': '', 'statusColor': None, 'notes': ''}, {'id': 2, 'name': '10', 'statusText': '', 'statusColor': None, 'notes': ''}, {'id': 3, 'name': '11', 'statusText': '', 'statusColor': None, 'notes': ''}]","[['BEDROOM', 'BED_DOUBLE'], ['BATHROOM', 'BATH_SHOWER', 'BATH_TOILET']]"
419104,194837,Double Room with Pool View,double,2,0,,365,stayThrough,2,,,0,0,400000,0,0,5.0,,ffffff,True,property,0,5,"{'includeSubDependencies': False, 'combinationLogic': {'type': 'numberOfUnitsAvailable', 'numberOfUnitsValue': 1}, 'dependentRoomId1': 419106, 'dependentRoomId2': None, 'dependentRoomId3': None, 'dependentRoomId4': None, 'dependentRoomId5': None, 'dependentRoomId6': None, 'dependentRoomId7': None, 'dependentRoomId8': None, 'dependentRoomId9': None, 'dependentRoomId10': None, 'dependentRoomId11': None, 'dependentRoomId12': None, 'includeBookingsRoomId1': None, 'includeBookingsRoomId2': None, 'includeBookingsRoomId3': None, 'includeBookingsRoomId4': None, 'includeBookingsRoomId5': None, 'includeBookingsRoomId6': None, 'includeBookingsRoomId7': None, 'includeBookingsRoomId8': None, 'includeBookingsRoomId9': None, 'includeBookingsRoomId10': None, 'includeBookingsRoomId11': None, 'includeBookingsRoomId12': None, 'assignBookingsTo': {'type': 'thisRoom'}}","{'template1': '', 'template2': '', 'template3': '', 'template4': '', 'template5': '', 'template6': '', 'template7': '', 'template8': ''}",perBooking,{'name': ''},"[{'id': 1, 'name': '05', 'statusText': '', 'statusColor': None, 'notes': ''}, {'id': 2, 'name': '06', 'statusText': '', 'statusColor': None, 'notes': ''}]","[['CLOSETS_IN_ROOM'], ['SEPARATE_TOILET_AREA'], ['DESK'], ['LUXORY_LINEN'], ['AIR_CONDITIONING'], ['PRIVATE_BATHROOM'], ['TOILETRIES'], ['BEDROOM', 'BED_DOUBLE'], ['BATHROOM', 'BATH_SHOWER', 'BATH_TOILET']]"
419105,194837,Twin Room with Pool View,twin,3,0,,365,stayThrough,2,,,0,0,500000,0,0,5.0,,ffffff,True,property,0,5,"{'includeSubDependencies': False, 'combinationLogic': {'type': 'numberOfUnitsAvailable', 'numberOfUnitsValue': 1}, 'dependentRoomId1': 419106, 'dependentRoomId2': None, 'dependentRoomId3': None, 'dependentRoomId4': None, 'dependentRoomId5': None, 'dependentRoomId6': None, 'dependentRoomId7': None, 'dependentRoomId8': None, 'dependentRoomId9': None, 'dependentRoomId10': None, 'dependentRoomId11': None, 'dependentRoomId12': None, 'includeBookingsRoomId1': None, 'includeBookingsRoomId2': None, 'includeBookingsRoomId3': None, 'includeBookingsRoomId4': None, 'includeBookingsRoomId5': None, 'includeBookingsRoomId6': None, 'includeBookingsRoomId7': None, 'includeBookingsRoomId8': None, 'includeBookingsRoomId9': None, 'includeBookingsRoomId10': None, 'includeBookingsRoomId11': None, 'includeBookingsRoomId12': None, 'assignBookingsTo': {'type': 'thisRoom'}}","{'template1': '', 'template2': '', 'template3': '', 'template4': '', 'template5': '', 'template6': '', 'template7': '', 'template8': ''}",perBooking,{'name': ''},"[{'id': 1, 'name': '01', 'statusText': '', 'statusColor': None, 'notes': ''}, {'id': 2, 'name': '02', 'statusText': '', 'statusColor': None, 'notes': ''}, {'id': 3, 'name': '03', 'statusText': '', 'statusColor': None, 'notes': ''}]","[['TOILETRIES'], ['PRIVATE_BATHROOM'], ['AIR_CONDITIONING'], ['LUXORY_LINEN'], ['DESK'], ['SEPARATE_TOILET_AREA'], ['CLOSETS_IN_ROOM']]"
419106,194837,Villa with Private Pool,villa,1,0,,365,stayThrough,10,,,0,0,3500000,0,0,5.0,,ffffff,True,property,0,5,"{'includeSubDependencies': True, 'combinationLogic': {'type': 'numberOfUnitsAvailable', 'numberOfUnitsValue': 5}, 'dependentRoomId1': 419104, 'dependentRoomId2': 419105, 'dependentRoomId3': None, 'dependentRoomId4': None, 'dependentRoomId5': None, 'dependentRoomId6': None, 'dependentRoomId7': None, 'dependentRoomId8': None, 'dependentRoomId9': None, 'dependentRoomId10': None, 'dependentRoomId11': None, 'dependentRoomId12': None, 'includeBookingsRoomId1': None, 'includeBookingsRoomId2': None, 'includeBookingsRoomId3': None, 'includeBookingsRoomId4': None, 'includeBookingsRoomId5': None, 'includeBookingsRoomId6': None, 'includeBookingsRoomId7': None, 'includeBookingsRoomId8': None, 'includeBookingsRoomId9': None, 'includeBookingsRoomId10': None, 'includeBookingsRoomId11': None, 'includeBookingsRoomId12': None, 'assignBookingsTo': {'type': 'thisRoom'}}","{'template1': '', 'template2': '', 'template3': '', 'template4': '', 'template5': '', 'template6': '', 'template7': '', 'template8': ''}",perBooking,{'name': ''},"[{'id': 1, 'name': '', 'statusText': '', 'statusColor': None, 'notes': ''}]","[['PRIVATE_BATHROOM'], ['BEDROOM', 'BED_DOUBLE'], ['BEDROOM', 'BED_DOUBLE'], ['BEDROOM', 'BED_DOUBLE'], ['BEDROOM', 'BED_DOUBLE'], ['BEDROOM', 'BED_DOUBLE'], ['BATHROOM', 'BATH_SHOWER', 'BATH_TOILET'], ['BATHROOM', 'BATH_SHOWER', 'BATH_TOILET'], ['BATHROOM', 'BATH_SHOWER', 'BATH_TOILET'], ['BATHROOM', 'BATH_SHOWER', 'BATH_TOILET'], ['BATHROOM', 'BATH_SHOWER', 'BATH_TOILET']]"
419343,194837,Airbnb A,double,1,0,,365,stayThrough,2,,,0,0,100,0,0,5.0,,ffffff,True,property,0,5,"{'includeSubDependencies': True, 'combinationLogic': {'type': 'numberOfUnitsAvailable', 'numberOfUnitsValue': 1}, 'dependentRoomId1': 419105, 'dependentRoomId2': 419106, 'dependentRoomId3': None, 'dependentRoomId4': None, 'dependentRoomId5': None, 'dependentRoomId6': None, 'dependentRoomId7': None, 'dependentRoomId8': None, 'dependentRoomId9': None, 'dependentRoomId10': None, 'dependentRoomId11': None, 'dependentRoomId12': None, 'includeBookingsRoomId1': None, 'includeBookingsRoomId2': None, 'includeBookingsRoomId3': None, 'includeBookingsRoomId4': None, 'includeBookingsRoomId5': None, 'includeBookingsRoomId6': None, 'includeBookingsRoomId7': None, 'includeBookingsRoomId8': None, 'includeBookingsRoomId9': None, 'includeBookingsRoomId10': None, 'includeBookingsRoomId11': None, 'includeBookingsRoomId12': None, 'assignBookingsTo': {'type': 'thisRoom'}}","{'template1': '', 'template2': '', 'template3': '', 'template4': '', 'template5': '', 'template6': '', 'template7': '', 'template8': ''}",perBooking,{'name': ''},"[{'id': 1, 'name': '', 'statusText': '', 'statusColor': None, 'notes': ''}]","[['BEDROOM', 'BED_DOUBLE'], ['BATHROOM', 'BATH_SHOWER', 'BATH_TOILET']]"
419344,194837,Airbnb B,double,1,0,,365,stayThrough,2,,,0,0,100,0,0,5.0,,ffffff,True,property,0,5,"{'includeSubDependencies': True, 'combinationLogic': {'type': 'numberOfUnitsAvailable', 'numberOfUnitsValue': 1}, 'dependentRoomId1': 419105, 'dependentRoomId2': 419106, 'dependentRoomId3': None, 'dependentRoomId4': None, 'dependentRoomId5': None, 'dependentRoomId6': None, 'dependentRoomId7': None, 'dependentRoomId8': None, 'dependentRoomId9': None, 'dependentRoomId10': None, 'dependentRoomId11': None, 'dependentRoomId12': None, 'includeBookingsRoomId1': None, 'includeBookingsRoomId2': None, 'includeBookingsRoomId3': None, 'includeBookingsRoomId4': None, 'includeBookingsRoomId5': None, 'includeBookingsRoomId6': None, 'includeBookingsRoomId7': None, 'includeBookingsRoomId8': None, 'includeBookingsRoomId9': None, 'includeBookingsRoomId10': None, 'includeBookingsRoomId11': None, 'includeBookingsRoomId12': None, 'assignBookingsTo': {'type': 'thisRoom'}}","{'template1': '', 'template2': '', 'template3': '', 'template4': '', 'template5': '', 'template6': '', 'template7': '', 'template8': ''}",perBooking,{'name': ''},"[{'id': 1, 'name': '', 'statusText': '', 'statusColor': None, 'notes': ''}]","[['BEDROOM', 'BED_DOUBLE'], ['BATHROOM', 'BATH_SHOWER', 'BATH_TOILET']]"
419345,194837,Airbnb C,double,1,0,,365,stayThrough,2,,,0,0,100,0,0,5.0,,ffffff,True,property,0,5,"{'includeSubDependencies': True, 'combinationLogic': {'type': 'numberOfUnitsAvailable', 'numberOfUnitsValue': 1}, 'dependentRoomId1': 419105, 'dependentRoomId2': 419106, 'dependentRoomId3': None, 'dependentRoomId4': None, 'dependentRoomId5': None, 'dependentRoomId6': None, 'dependentRoomId7': None, 'dependentRoomId8': None, 'dependentRoomId9': None, 'dependentRoomId10': None, 'dependentRoomId11': None, 'dependentRoomId12': None, 'includeBookingsRoomId1': None, 'includeBookingsRoomId2': None, 'includeBookingsRoomId3': None, 'includeBookingsRoomId4': None, 'includeBookingsRoomId5': None, 'includeBookingsRoomId6': None, 'includeBookingsRoomId7': None, 'includeBookingsRoomId8': None, 'includeBookingsRoomId9': None, 'includeBookingsRoomId10': None, 'includeBookingsRoomId11': None, 'includeBookingsRoomId12': None, 'assignBookingsTo': {'type': 'thisRoom'}}","{'template1': '', 'template2': '', 'template3': '', 'template4': '', 'template5': '', 'template6': '', 'template7': '', 'template8': ''}",perBooking,{'name': ''},"[{'id': 1, 'name': '', 'statusText': '', 'statusColor': None, 'notes': ''}]","[['BEDROOM', 'BED_DOUBLE'], ['BATHROOM', 'BATH_SHOWER', 'BATH_TOILET']]"
419346,194837,Airbnb D,double,1,0,,365,stayThrough,2,,,0,0,100,0,0,5.0,,ffffff,True,property,0,5,"{'includeSubDependencies': True, 'combinationLogic': {'type': 'numberOfUnitsAvailable', 'numberOfUnitsValue': 1}, 'dependentRoomId1': 419105, 'dependentRoomId2': 419106, 'dependentRoomId3': None, 'dependentRoomId4': None, 'dependentRoomId5': None, 'dependentRoomId6': None, 'dependentRoomId7': None, 'dependentRoomId8': None, 'dependentRoomId9': None, 'dependentRoomId10': None, 'dependentRoomId11': None, 'dependentRoomId12': None, 'includeBookingsRoomId1': None, 'includeBookingsRoomId2': None, 'includeBookingsRoomId3': None, 'includeBookingsRoomId4': None, 'includeBookingsRoomId5': None, 'includeBookingsRoomId6': None, 'includeBookingsRoomId7': None, 'includeBookingsRoomId8': None, 'includeBookingsRoomId9': None, 'includeBookingsRoomId10': None, 'includeBookingsRoomId11': None, 'includeBookingsRoomId12': None, 'assignBookingsTo': {'type': 'thisRoom'}}","{'template1': '', 'template2': '', 'template3': '', 'template4': '', 'template5': '', 'template6': '', 'template7': '', 'template8': ''}",perBooking,{'name': ''},"[{'id': 1, 'name': '', 'statusText': '', 'statusColor': None, 'notes': ''}]","[['BEDROOM', 'BED_DOUBLE'], ['BATHROOM', 'BATH_SHOWER', 'BATH_TOILET']]"
419347,194837,Airbnb Private 3 BR,double,1,0,,365,stayThrough,2,,,0,0,300,0,0,5.0,,ffffff,True,property,0,5,"{'includeSubDependencies': True, 'combinationLogic': {'type': 'numberOfUnitsAvailable', 'numberOfUnitsValue': 5}, 'dependentRoomId1': 419105, 'dependentRoomId2': 419104, 'dependentRoomId3': None, 'dependentRoomId4': None, 'dependentRoomId5': None, 'dependentRoomId6': None, 'dependentRoomId7': None, 'dependentRoomId8': None, 'dependentRoomId9': None, 'dependentRoomId10': None, 'dependentRoomId11': None, 'dependentRoomId12': None, 'includeBookingsRoomId1': None, 'includeBookingsRoomId2': None, 'includeBookingsRoomId3': None, 'includeBookingsRoomId4': None, 'includeBookingsRoomId5': None, 'includeBookingsRoomId6': None, 'includeBookingsRoomId7': None, 'includeBookingsRoomId8': None, 'includeBookingsRoomId9': None, 'includeBookingsRoomId10': None, 'includeBookingsRoomId11': None, 'includeBookingsRoomId12': None, 'assignBookingsTo': {'type': 'thisRoom'}}","{'template1': '', 'template2': '', 'template3': '', 'template4': '', 'template5': '', 'template6': '', 'template7': '', 'template8': ''}",perBooking,{'name': ''},"[{'id': 1, 'name': '', 'statusText': '', 'statusColor': None, 'notes': ''}]","[['BEDROOM', 'BED_DOUBLE'], ['BATHROOM', 'BATH_SHOWER', 'BATH_TOILET']]"
419348,194837,Airbnb Private 4 BR,double,1,0,,365,stayThrough,2,,,0,0,400,0,0,5.0,,ffffff,True,property,0,5,"{'includeSubDependencies': True, 'combinationLogic': {'type': 'numberOfUnitsAvailable', 'numberOfUnitsValue': 5}, 'dependentRoomId1': 419105, 'dependentRoomId2': 419104, 'dependentRoomId3': None, 'dependentRoomId4': None, 'dependentRoomId5': None, 'dependentRoomId6': None, 'dependentRoomId7': None, 'dependentRoomId8': None, 'dependentRoomId9': None, 'dependentRoomId10': None, 'dependentRoomId11': None, 'dependentRoomId12': None, 'includeBookingsRoomId1': None, 'includeBookingsRoomId2': None, 'includeBookingsRoomId3': None, 'includeBookingsRoomId4': None, 'includeBookingsRoomId5': None, 'includeBookingsRoomId6': None, 'includeBookingsRoomId7': None, 'includeBookingsRoomId8': None, 'includeBookingsRoomId9': None, 'includeBookingsRoomId10': None, 'includeBookingsRoomId11': None, 'includeBookingsRoomId12': None, 'assignBookingsTo': {'type': 'thisRoom'}}","{'template1': '', 'template2': '', 'template3': '', 'template4': '', 'template5': '', 'template6': '', 'template7': '', 'template8': ''}",perBooking,{'name': ''},"[{'id': 1, 'name': '', 'statusText': '', 'statusColor': None, 'notes': ''}]","[['BEDROOM', 'BED_DOUBLE'], ['BATHROOM', 'BATH_SHOWER', 'BATH_TOILET']]"
419349,194837,Airbnb Private 5 BR,double,1,0,,365,stayThrough,2,,,0,0,500,0,0,5.0,,ffffff,True,property,0,5,"{'includeSubDependencies': True, 'combinationLogic': {'type': 'numberOfUnitsAvailable', 'numberOfUnitsValue': 5}, 'dependentRoomId1': 419104, 'dependentRoomId2': 419105, 'dependentRoomId3': None, 'dependentRoomId4': None, 'dependentRoomId5': None, 'dependentRoomId6': None, 'dependentRoomId7': None, 'dependentRoomId8': None, 'dependentRoomId9': None, 'dependentRoomId10': None, 'dependentRoomId11': None, 'dependentRoomId12': None, 'includeBookingsRoomId1': None, 'includeBookingsRoomId2': None, 'includeBookingsRoomId3': None, 'includeBookingsRoomId4': None, 'includeBookingsRoomId5': None, 'includeBookingsRoomId6': None, 'includeBookingsRoomId7': None, 'includeBookingsRoomId8': None, 'includeBookingsRoomId9': None, 'includeBookingsRoomId10': None, 'includeBookingsRoomId11': None, 'includeBookingsRoomId12': None, 'assignBookingsTo': {'type': 'thisRoom'}}","{'template1': '', 'template2': '', 'template3': '', 'template4': '', 'template5': '', 'template6': '', 'template7': '', 'template8': ''}",perBooking,{'name': ''},"[{'id': 1, 'name': '', 'statusText': '', 'statusColor': None, 'notes': ''}]","[['BEDROOM', 'BED_DOUBLE'], ['BATHROOM', 'BATH_SHOWER', 'BATH_TOILET']]"
493968,194837,Airbnb F,double,1,0,,365,stayThrough,2,,,0,0,100,0,0,5.0,,ffffff,True,property,0,5,"{'includeSubDependencies': True, 'combinationLogic': {'type': 'numberOfUnitsAvailable', 'numberOfUnitsValue': 1}, 'dependentRoomId1': 419105, 'dependentRoomId2': 419106, 'dependentRoomId3': None, 'dependentRoomId4': None, 'dependentRoomId5': None, 'dependentRoomId6': None, 'dependentRoomId7': None, 'dependentRoomId8': None, 'dependentRoomId9': None, 'dependentRoomId10': None, 'dependentRoomId11': None, 'dependentRoomId12': None, 'includeBookingsRoomId1': None, 'includeBookingsRoomId2': None, 'includeBookingsRoomId3': None, 'includeBookingsRoomId4': None, 'includeBookingsRoomId5': None, 'includeBookingsRoomId6': None, 'includeBookingsRoomId7': None, 'includeBookingsRoomId8': None, 'includeBookingsRoomId9': None, 'includeBookingsRoomId10': None, 'includeBookingsRoomId11': None, 'includeBookingsRoomId12': None, 'assignBookingsTo': {'type': 'thisRoom'}}","{'template1': '', 'template2': '', 'template3': '', 'template4': '', 'template5': '', 'template6': '', 'template7': '', 'template8': ''}",perBooking,{'name': ''},"[{'id': 1, 'name': '', 'statusText': '', 'statusColor': None, 'notes': ''}]","[['BEDROOM', 'BED_DOUBLE'], ['BATHROOM', 'BATH_SHOWER', 'BATH_TOILET']]"
493969,194837,Airbnb G,double,1,0,,365,stayThrough,2,,,0,0,100,0,0,5.0,,ffffff,True,property,0,5,"{'includeSubDependencies': True, 'combinationLogic': {'type': 'numberOfUnitsAvailable', 'numberOfUnitsValue': 1}, 'dependentRoomId1': 419105, 'dependentRoomId2': 419106, 'dependentRoomId3': None, 'dependentRoomId4': None, 'dependentRoomId5': None, 'dependentRoomId6': None, 'dependentRoomId7': None, 'dependentRoomId8': None, 'dependentRoomId9': None, 'dependentRoomId10': None, 'dependentRoomId11': None, 'dependentRoomId12': None, 'includeBookingsRoomId1': None, 'includeBookingsRoomId2': None, 'includeBookingsRoomId3': None, 'includeBookingsRoomId4': None, 'includeBookingsRoomId5': None, 'includeBookingsRoomId6': None, 'includeBookingsRoomId7': None, 'includeBookingsRoomId8': None, 'includeBookingsRoomId9': None, 'includeBookingsRoomId10': None, 'includeBookingsRoomId11': None, 'includeBookingsRoomId12': None, 'assignBookingsTo': {'type': 'thisRoom'}}","{'template1': '', 'template2': '', 'template3': '', 'template4': '', 'template5': '', 'template6': '', 'template7': '', 'template8': ''}",perBooking,{'name': ''},"[{'id': 1, 'name': '', 'statusText': '', 'statusColor': None, 'notes': ''}]","[['BEDROOM', 'BED_DOUBLE'], ['BATHROOM', 'BATH_SHOWER', 'BATH_TOILET']]"
493970,194837,Airbnb H,double,1,0,,365,stayThrough,2,,,0,0,100,0,0,5.0,,ffffff,True,property,0,5,"{'includeSubDependencies': True, 'combinationLogic': {'type': 'numberOfUnitsAvailable', 'numberOfUnitsValue': 1}, 'dependentRoomId1': 419105, 'dependentRoomId2': 419106, 'dependentRoomId3': None, 'dependentRoomId4': None, 'dependentRoomId5': None, 'dependentRoomId6': None, 'dependentRoomId7': None, 'dependentRoomId8': None, 'dependentRoomId9': None, 'dependentRoomId10': None, 'dependentRoomId11': None, 'dependentRoomId12': None, 'includeBookingsRoomId1': None, 'includeBookingsRoomId2': None, 'includeBookingsRoomId3': None, 'includeBookingsRoomId4': None, 'includeBookingsRoomId5': None, 'includeBookingsRoomId6': None, 'includeBookingsRoomId7': None, 'includeBookingsRoomId8': None, 'includeBookingsRoomId9': None, 'includeBookingsRoomId10': None, 'includeBookingsRoomId11': None, 'includeBookingsRoomId12': None, 'assignBookingsTo': {'type': 'thisRoom'}}","{'template1': '', 'template2': '', 'template3': '', 'template4': '', 'template5': '', 'template6': '', 'template7': '', 'template8': ''}",perBooking,{'name': ''},"[{'id': 1, 'name': '', 'statusText': '', 'statusColor': None, 'notes': ''}]","[['BEDROOM', 'BED_DOUBLE'], ['BATHROOM', 'BATH_SHOWER', 'BATH_TOILET']]"
493972,194837,Airbnb I,double,1,0,,365,stayThrough,2,,,0,0,100,0,0,5.0,,ffffff,True,property,0,5,"{'includeSubDependencies': True, 'combinationLogic': {'type': 'numberOfUnitsAvailable', 'numberOfUnitsValue': 1}, 'dependentRoomId1': 419105, 'dependentRoomId2': 419106, 'dependentRoomId3': None, 'dependentRoomId4': None, 'dependentRoomId5': None, 'dependentRoomId6': None, 'dependentRoomId7': None, 'dependentRoomId8': None, 'dependentRoomId9': None, 'dependentRoomId10': None, 'dependentRoomId11': None, 'dependentRoomId12': None, 'includeBookingsRoomId1': None, 'includeBookingsRoomId2': None, 'includeBookingsRoomId3': None, 'includeBookingsRoomId4': None, 'includeBookingsRoomId5': None, 'includeBookingsRoomId6': None, 'includeBookingsRoomId7': None, 'includeBookingsRoomId8': None, 'includeBookingsRoomId9': None, 'includeBookingsRoomId10': None, 'includeBookingsRoomId11': None, 'includeBookingsRoomId12': None, 'assignBookingsTo': {'type': 'thisRoom'}}","{'template1': '', 'template2': '', 'template3': '', 'template4': '', 'template5': '', 'template6': '', 'template7': '', 'template8': ''}",perBooking,{'name': ''},"[{'id': 1, 'name': '', 'statusText': '', 'statusColor': None, 'notes': ''}]","[['BEDROOM', 'BED_DOUBLE'], ['BATHROOM', 'BATH_SHOWER', 'BATH_TOILET']]"
493973,194837,Airbnb J,double,1,0,,365,stayThrough,2,,,0,0,100,0,0,5.0,,ffffff,True,property,0,5,"{'includeSubDependencies': True, 'combinationLogic': {'type': 'numberOfUnitsAvailable', 'numberOfUnitsValue': 1}, 'dependentRoomId1': 419105, 'dependentRoomId2': 419106, 'dependentRoomId3': None, 'dependentRoomId4': None, 'dependentRoomId5': None, 'dependentRoomId6': None, 'dependentRoomId7': None, 'dependentRoomId8': None, 'dependentRoomId9': None, 'dependentRoomId10': None, 'dependentRoomId11': None, 'dependentRoomId12': None, 'includeBookingsRoomId1': None, 'includeBookingsRoomId2': None, 'includeBookingsRoomId3': None, 'includeBookingsRoomId4': None, 'includeBookingsRoomId5': None, 'includeBookingsRoomId6': None, 'includeBookingsRoomId7': None, 'includeBookingsRoomId8': None, 'includeBookingsRoomId9': None, 'includeBookingsRoomId10': None, 'includeBookingsRoomId11': None, 'includeBookingsRoomId12': None, 'assignBookingsTo': {'type': 'thisRoom'}}","{'template1': '', 'template2': '', 'template3': '', 'template4': '', 'template5': '', 'template6': '', 'template7': '', 'template8': ''}",perBooking,{'name': ''},"[{'id': 1, 'name': '', 'statusText': '', 'statusColor': None, 'notes': ''}]","[['BEDROOM', 'BED_DOUBLE'], ['BATHROOM', 'BATH_SHOWER', 'BATH_TOILET']]"
493974,194837,Airbnb K,double,1,0,,365,stayThrough,2,,,0,0,100,0,0,5.0,,ffffff,True,property,0,5,"{'includeSubDependencies': True, 'combinationLogic': {'type': 'numberOfUnitsAvailable', 'numberOfUnitsValue': 1}, 'dependentRoomId1': 419105, 'dependentRoomId2': 419106, 'dependentRoomId3': None, 'dependentRoomId4': None, 'dependentRoomId5': None, 'dependentRoomId6': None, 'dependentRoomId7': None, 'dependentRoomId8': None, 'dependentRoomId9': None, 'dependentRoomId10': None, 'dependentRoomId11': None, 'dependentRoomId12': None, 'includeBookingsRoomId1': None, 'includeBookingsRoomId2': None, 'includeBookingsRoomId3': None, 'includeBookingsRoomId4': None, 'includeBookingsRoomId5': None, 'includeBookingsRoomId6': None, 'includeBookingsRoomId7': None, 'includeBookingsRoomId8': None, 'includeBookingsRoomId9': None, 'includeBookingsRoomId10': None, 'includeBookingsRoomId11': None, 'includeBookingsRoomId12': None, 'assignBookingsTo': {'type': 'thisRoom'}}","{'template1': '', 'template2': '', 'template3': '', 'template4': '', 'template5': '', 'template6': '', 'template7': '', 'template8': ''}",perBooking,{'name': ''},"[{'id': 1, 'name': '', 'statusText': '', 'statusColor': None, 'notes': ''}]","[['BEDROOM', 'BED_DOUBLE'], ['BATHROOM', 'BATH_SHOWER', 'BATH_TOILET']]"
419126,194842,Double Room with Pool View,double,3,0,,365,stayThrough,2,,,0,0,0,0,0,5.0,,ffffff,True,property,0,5,"{'includeSubDependencies': False, 'combinationLogic': {'type': 'numberOfUnitsAvailable', 'numberOfUnitsValue': 1}, 'dependentRoomId1': 419296, 'dependentRoomId2': None, 'dependentRoomId3': None, 'dependentRoomId4': None, 'dependentRoomId5': None, 'dependentRoomId6': None, 'dependentRoomId7': None, 'dependentRoomId8': None, 'dependentRoomId9': None, 'dependentRoomId10': None, 'dependentRoomId11': None, 'dependentRoomId12': None, 'includeBookingsRoomId1': None, 'includeBookingsRoomId2': None, 'includeBookingsRoomId3': None, 'includeBookingsRoomId4': None, 'includeBookingsRoomId5': None, 'includeBookingsRoomId6': None, 'includeBookingsRoomId7': None, 'includeBookingsRoomId8': None, 'includeBookingsRoomId9': None, 'includeBookingsRoomId10': None, 'includeBookingsRoomId11': None, 'includeBookingsRoomId12': None, 'assignBookingsTo': {'type': 'thisRoom'}}","{'template1': '', 'template2': '', 'template3': '', 'template4': '', 'template5': '', 'template6': '', 'template7': '', 'template8': ''}",perBooking,{'name': ''},"[{'id': 1, 'name': '01', 'statusText': '', 'statusColor': None, 'notes': ''}, {'id': 2, 'name': '02', 'statusText': '', 'statusColor': None, 'notes': ''}, {'id': 3, 'name': '03', 'statusText': '', 'statusColor': None, 'notes': ''}]","[['TABLES_AND_CHAIRS'], ['PRIVATE_BATHROOM'], ['SAFE'], ['LUXORY_LINEN'], ['AIR_CONDITIONING'], ['TOILETRIES'], ['SEPARATE_TOILET_AREA']]"
419129,194842,Twin Room with Pool View,twin,2,0,,365,stayThrough,2,,,0,0,0,0,0,5.0,,ffffff,True,property,0,5,"{'includeSubDependencies': False, 'combinationLogic': {'type': 'numberOfUnitsAvailable', 'numberOfUnitsValue': 1}, 'dependentRoomId1': 419296, 'dependentRoomId2': None, 'dependentRoomId3': None, 'dependentRoomId4': None, 'dependentRoomId5': None, 'dependentRoomId6': None, 'dependentRoomId7': None, 'dependentRoomId8': None, 'dependentRoomId9': None, 'dependentRoomId10': None, 'dependentRoomId11': None, 'dependentRoomId12': None, 'includeBookingsRoomId1': None, 'includeBookingsRoomId2': None, 'includeBookingsRoomId3': None, 'includeBookingsRoomId4': None, 'includeBookingsRoomId5': None, 'includeBookingsRoomId6': None, 'includeBookingsRoomId7': None, 'includeBookingsRoomId8': None, 'includeBookingsRoomId9': None, 'includeBookingsRoomId10': None, 'includeBookingsRoomId11': None, 'includeBookingsRoomId12': None, 'assignBookingsTo': {'type': 'thisRoom'}}","{'template1': '', 'template2': '', 'template3': '', 'template4': '', 'template5': '', 'template6': '', 'template7': '', 'template8': ''}",perBooking,{'name': ''},"[{'id': 1, 'name': '05', 'statusText': '', 'statusColor': None, 'notes': ''}, {'id': 2, 'name': '06', 'statusText': '', 'statusColor': None, 'notes': ''}]","[['SEPARATE_TOILET_AREA'], ['TABLES_AND_CHAIRS'], ['PRIVATE_BATHROOM'], ['SAFE'], ['LUXORY_LINEN'], ['AIR_CONDITIONING'], ['TOILETRIES']]"
419279,194842,Airbnb 3A,double,1,0,,365,stayThrough,2,,,0,0,100,0,0,5.0,,ffffff,True,property,0,5,"{'includeSubDependencies': True, 'combinationLogic': {'type': 'numberOfUnitsAvailable', 'numberOfUnitsValue': 1}, 'dependentRoomId1': 419126, 'dependentRoomId2': 419296, 'dependentRoomId3': None, 'dependentRoomId4': None, 'dependentRoomId5': None, 'dependentRoomId6': None, 'dependentRoomId7': None, 'dependentRoomId8': None, 'dependentRoomId9': None, 'dependentRoomId10': None, 'dependentRoomId11': None, 'dependentRoomId12': None, 'includeBookingsRoomId1': None, 'includeBookingsRoomId2': None, 'includeBookingsRoomId3': None, 'includeBookingsRoomId4': None, 'includeBookingsRoomId5': None, 'includeBookingsRoomId6': None, 'includeBookingsRoomId7': None, 'includeBookingsRoomId8': None, 'includeBookingsRoomId9': None, 'includeBookingsRoomId10': None, 'includeBookingsRoomId11': None, 'includeBookingsRoomId12': None, 'assignBookingsTo': {'type': 'thisRoom'}}","{'template1': '', 'template2': '', 'template3': '', 'template4': '', 'template5': '', 'template6': '', 'template7': '', 'template8': ''}",perBooking,{'name': ''},"[{'id': 1, 'name': '', 'statusText': '', 'statusColor': None, 'notes': ''}]","[['BEDROOM', 'BED_DOUBLE'], ['BATHROOM', 'BATH_SHOWER', 'BATH_TOILET']]"
419293,194842,Airbnb 3B,double,1,0,,365,stayThrough,2,,,0,0,100,0,0,5.0,,ffffff,True,property,0,5,"{'includeSubDependencies': True, 'combinationLogic': {'type': 'numberOfUnitsAvailable', 'numberOfUnitsValue': 1}, 'dependentRoomId1': 419129, 'dependentRoomId2': 419296, 'dependentRoomId3': None, 'dependentRoomId4': None, 'dependentRoomId5': None, 'dependentRoomId6': None, 'dependentRoomId7': None, 'dependentRoomId8': None, 'dependentRoomId9': None, 'dependentRoomId10': None, 'dependentRoomId11': None, 'dependentRoomId12': None, 'includeBookingsRoomId1': None, 'includeBookingsRoomId2': None, 'includeBookingsRoomId3': None, 'includeBookingsRoomId4': None, 'includeBookingsRoomId5': None, 'includeBookingsRoomId6': None, 'includeBookingsRoomId7': None, 'includeBookingsRoomId8': None, 'includeBookingsRoomId9': None, 'includeBookingsRoomId10': None, 'includeBookingsRoomId11': None, 'includeBookingsRoomId12': None, 'assignBookingsTo': {'type': 'thisRoom'}}","{'template1': '', 'template2': '', 'template3': '', 'template4': '', 'template5': '', 'template6': '', 'template7': '', 'template8': ''}",perBooking,{'name': ''},"[{'id': 1, 'name': '', 'statusText': '', 'statusColor': None, 'notes': ''}]",[]
419294,194842,Airbnb 3C 1,double,1,0,,365,stayThrough,2,,,0,0,100,0,0,5.0,,ffffff,True,property,0,5,"{'includeSubDependencies': True, 'combinationLogic': {'type': 'numberOfUnitsAvailable', 'numberOfUnitsValue': 1}, 'dependentRoomId1': 419129, 'dependentRoomId2': 419126, 'dependentRoomId3': 419296, 'dependentRoomId4': None, 'dependentRoomId5': None, 'dependentRoomId6': None, 'dependentRoomId7': None, 'dependentRoomId8': None, 'dependentRoomId9': None, 'dependentRoomId10': None, 'dependentRoomId11': None, 'dependentRoomId12': None, 'includeBookingsRoomId1': None, 'includeBookingsRoomId2': None, 'includeBookingsRoomId3': None, 'includeBookingsRoomId4': None, 'includeBookingsRoomId5': None, 'includeBookingsRoomId6': None, 'includeBookingsRoomId7': None, 'includeBookingsRoomId8': None, 'includeBookingsRoomId9': None, 'includeBookingsRoomId10': None, 'includeBookingsRoomId11': None, 'includeBookingsRoomId12': None, 'assignBookingsTo': {'type': 'thisRoom'}}","{'template1': '', 'template2': '', 'template3': '', 'template4': '', 'template5': '', 'template6': '', 'template7': '', 'template8': ''}",perBooking,{'name': ''},"[{'id': 1, 'name': '', 'statusText': '', 'statusColor': None, 'notes': ''}]",[]
419295,194842,Airbnb 3D,double,1,0,,365,stayThrough,2,,,0,0,100,0,0,5.0,,ffffff,True,property,0,5,"{'includeSubDependencies': True, 'combinationLogic': {'type': 'numberOfUnitsAvailable', 'numberOfUnitsValue': 1}, 'dependentRoomId1': 419129, 'dependentRoomId2': 419296, 'dependentRoomId3': None, 'dependentRoomId4': None, 'dependentRoomId5': None, 'dependentRoomId6': None, 'dependentRoomId7': None, 'dependentRoomId8': None, 'dependentRoomId9': None, 'dependentRoomId10': None, 'dependentRoomId11': None, 'dependentRoomId12': None, 'includeBookingsRoomId1': None, 'includeBookingsRoomId2': None, 'includeBookingsRoomId3': None, 'includeBookingsRoomId4': None, 'includeBookingsRoomId5': None, 'includeBookingsRoomId6': None, 'includeBookingsRoomId7': None, 'includeBookingsRoomId8': None, 'includeBookingsRoomId9': None, 'includeBookingsRoomId10': None, 'includeBookingsRoomId11': None, 'includeBookingsRoomId12': None, 'assignBookingsTo': {'type': 'thisRoom'}}","{'template1': '', 'template2': '', 'template3': '', 'template4': '', 'template5': '', 'template6': '', 'template7': '', 'template8': ''}",perBooking,{'name': ''},"[{'id': 1, 'name': '', 'statusText': '', 'statusColor': None, 'notes': ''}]",[]
419296,194842,Villa with Private Pool,villa,1,0,,365,stayThrough,10,,,0,0,0,0,0,5.0,,ffffff,True,property,0,5,"{'includeSubDependencies': True, 'combinationLogic': {'type': 'numberOfUnitsAvailable', 'numberOfUnitsValue': 5}, 'dependentRoomId1': 419126, 'dependentRoomId2': 419129, 'dependentRoomId3': None, 'dependentRoomId4': None, 'dependentRoomId5': None, 'dependentRoomId6': None, 'dependentRoomId7': None, 'dependentRoomId8': None, 'dependentRoomId9': None, 'dependentRoomId10': None, 'dependentRoomId11': None, 'dependentRoomId12': None, 'includeBookingsRoomId1': None, 'includeBookingsRoomId2': None, 'includeBookingsRoomId3': None, 'includeBookingsRoomId4': None, 'includeBookingsRoomId5': None, 'includeBookingsRoomId6': None, 'includeBookingsRoomId7': None, 'includeBookingsRoomId8': None, 'includeBookingsRoomId9': None, 'includeBookingsRoomId10': None, 'includeBookingsRoomId11': None, 'includeBookingsRoomId12': None, 'assignBookingsTo': {'type': 'thisRoom'}}","{'template1': '', 'template2': '', 'template3': '', 'template4': '', 'template5': '', 'template6': '', 'template7': '', 'template8': ''}",perBooking,{'name': ''},"[{'id': 1, 'name': '', 'statusText': '', 'statusColor': None, 'notes': ''}]","[['BEDROOM', 'BED_DOUBLE'], ['BATHROOM', 'BATH_SHOWER', 'BATH_TOILET']]"
493976,194842,Airbnb 3E,double,1,0,,365,stayThrough,2,,,0,0,100,0,0,5.0,,ffffff,True,property,0,5,"{'includeSubDependencies': True, 'combinationLogic': {'type': 'numberOfUnitsAvailable', 'numberOfUnitsValue': 1}, 'dependentRoomId1': 419129, 'dependentRoomId2': 419296, 'dependentRoomId3': None, 'dependentRoomId4': None, 'dependentRoomId5': None, 'dependentRoomId6': None, 'dependentRoomId7': None, 'dependentRoomId8': None, 'dependentRoomId9': None, 'dependentRoomId10': None, 'dependentRoomId11': None, 'dependentRoomId12': None, 'includeBookingsRoomId1': None, 'includeBookingsRoomId2': None, 'includeBookingsRoomId3': None, 'includeBookingsRoomId4': None, 'includeBookingsRoomId5': None, 'includeBookingsRoomId6': None, 'includeBookingsRoomId7': None, 'includeBookingsRoomId8': None, 'includeBookingsRoomId9': None, 'includeBookingsRoomId10': None, 'includeBookingsRoomId11': None, 'includeBookingsRoomId12': None, 'assignBookingsTo': {'type': 'thisRoom'}}","{'template1': '', 'template2': '', 'template3': '', 'template4': '', 'template5': '', 'template6': '', 'template7': '', 'template8': ''}",perBooking,{'name': ''},"[{'id': 1, 'name': '', 'statusText': '', 'statusColor': None, 'notes': ''}]",[]
493977,194842,Airbnb 3F,double,1,0,,365,stayThrough,2,,,0,0,100,0,0,5.0,,ffffff,True,property,0,5,"{'includeSubDependencies': True, 'combinationLogic': {'type': 'numberOfUnitsAvailable', 'numberOfUnitsValue': 1}, 'dependentRoomId1': 419129, 'dependentRoomId2': 419296, 'dependentRoomId3': None, 'dependentRoomId4': None, 'dependentRoomId5': None, 'dependentRoomId6': None, 'dependentRoomId7': None, 'dependentRoomId8': None, 'dependentRoomId9': None, 'dependentRoomId10': None, 'dependentRoomId11': None, 'dependentRoomId12': None, 'includeBookingsRoomId1': None, 'includeBookingsRoomId2': None, 'includeBookingsRoomId3': None, 'includeBookingsRoomId4': None, 'includeBookingsRoomId5': None, 'includeBookingsRoomId6': None, 'includeBookingsRoomId7': None, 'includeBookingsRoomId8': None, 'includeBookingsRoomId9': None, 'includeBookingsRoomId10': None, 'includeBookingsRoomId11': None, 'includeBookingsRoomId12': None, 'assignBookingsTo': {'type': 'thisRoom'}}","{'template1': '', 'template2': '', 'template3': '', 'template4': '', 'template5': '', 'template6': '', 'template7': '', 'template8': ''}",perBooking,{'name': ''},"[{'id': 1, 'name': '', 'statusText': '', 'statusColor': None, 'notes': ''}]",[]
431070,201589,Standard Double or Twin Room,twinDouble,6,0,,365,stayThrough,2,,,0,0,0,0,0,5.0,,ffffff,True,property,0,6,"{'includeSubDependencies': False, 'combinationLogic': {'type': 'sumAllBookings'}, 'dependentRoomId1': None, 'dependentRoomId2': None, 'dependentRoomId3': None, 'dependentRoomId4': None, 'dependentRoomId5': None, 'dependentRoomId6': None, 'dependentRoomId7': None, 'dependentRoomId8': None, 'dependentRoomId9': None, 'dependentRoomId10': None, 'dependentRoomId11': None, 'dependentRoomId12': None, 'includeBookingsRoomId1': None, 'includeBookingsRoomId2': None, 'includeBookingsRoomId3': None, 'includeBookingsRoomId4': None, 'includeBookingsRoomId5': None, 'includeBookingsRoomId6': None, 'includeBookingsRoomId7': None, 'includeBookingsRoomId8': None, 'includeBookingsRoomId9': None, 'includeBookingsRoomId10': None, 'includeBookingsRoomId11': None, 'includeBookingsRoomId12': None, 'assignBookingsTo': {'type': 'thisRoom'}}","{'template1': '', 'template2': '', 'template3': '', 'template4': '', 'template5': '', 'template6': '', 'template7': '', 'template8': ''}",perBooking,{'name': ''},"[{'id': 1, 'name': '6', 'statusText': '', 'statusColor': None, 'notes': ''}, {'id': 2, 'name': '7', 'statusText': '', 'statusColor': None, 'notes': ''}, {'id': 3, 'name': '9', 'statusText': '', 'statusColor': None, 'notes': ''}, {'id': 4, 'name': '10', 'statusText': '', 'statusColor': None, 'notes': ''}, {'id': 5, 'name': '11', 'statusText': '', 'statusColor': None, 'notes': ''}, {'id': 6, 'name': '12', 'statusText': '', 'statusColor': None, 'notes': ''}]","[['SEPARATE_TOILET_AREA'], ['DESK'], ['TOILETRIES'], ['PRIVATE_BATHROOM'], ['TABLES_AND_CHAIRS']]"
431071,201589,Superior Double Room,double,10,0,,365,stayThrough,2,,,0,0,0,0,0,5.0,,ffffff,True,property,0,7,"{'includeSubDependencies': False, 'combinationLogic': {'type': 'sumAllBookings'}, 'dependentRoomId1': None, 'dependentRoomId2': None, 'dependentRoomId3': None, 'dependentRoomId4': None, 'dependentRoomId5': None, 'dependentRoomId6': None, 'dependentRoomId7': None, 'dependentRoomId8': None, 'dependentRoomId9': None, 'dependentRoomId10': None, 'dependentRoomId11': None, 'dependentRoomId12': None, 'includeBookingsRoomId1': None, 'includeBookingsRoomId2': None, 'includeBookingsRoomId3': None, 'includeBookingsRoomId4': None, 'includeBookingsRoomId5': None, 'includeBookingsRoomId6': None, 'includeBookingsRoomId7': None, 'includeBookingsRoomId8': None, 'includeBookingsRoomId9': None, 'includeBookingsRoomId10': None, 'includeBookingsRoomId11': None, 'includeBookingsRoomId12': None, 'assignBookingsTo': {'type': 'thisRoom'}}","{'template1': '', 'template2': '', 'template3': '', 'template4': '', 'template5': '', 'template6': '', 'template7': '', 'template8': ''}",perBooking,{'name': ''},"[{'id': 1, 'name': '1', 'statusText': '', 'statusColor': None, 'notes': ''}, {'id': 2, 'name': '2', 'statusText': '', 'statusColor': None, 'notes': ''}, {'id': 3, 'name': '3', 'statusText': '', 'statusColor': None, 'notes': ''}, {'id': 4, 'name': '4', 'statusText': '', 'statusColor': None, 'notes': ''}, {'id': 5, 'name': '5', 'statusText': '', 'statusColor': None, 'notes': ''}, {'id': 6, 'name': '8', 'statusText': '', 'statusColor': None, 'notes': ''}, {'id': 7, 'name': '14', 'statusText': '', 'statusColor': None, 'notes': ''}, {'id': 8, 'name': '15', 'statusText': '', 'statusColor': None, 'notes': ''}, {'id': 9, 'name': '16', 'statusText': '', 'statusColor': None, 'notes': ''}, {'id': 10, 'name': '17', 'statusText': '', 'statusColor': None, 'notes': ''}]","[['PRIVATE_BATHROOM'], ['TOILETRIES'], ['DESK'], ['SEPARATE_TOILET_AREA'], ['TABLES_AND_CHAIRS'], ['BALCONY'], ['DECK_PATIO_UNCOVERED'], ['AIR_CONDITIONING'], ['TOWELS'], ['GARDEN'], ['INTERNET'], ['WIFI'], ['BEDROOM', 'BED_DOUBLE'], ['BATHROOM', 'BATH_SHOWER', 'BATH_TOILET'], ['SITTING_AREA'], ['HANGERS']]"
431095,201589,Family Room,triple,1,0,,365,stayThrough,3,,,0,0,750000,0,0,5.0,,ffffff,True,property,0,5,"{'includeSubDependencies': False, 'combinationLogic': {'type': 'sumAllBookings'}, 'dependentRoomId1': None, 'dependentRoomId2': None, 'dependentRoomId3': None, 'dependentRoomId4': None, 'dependentRoomId5': None, 'dependentRoomId6': None, 'dependentRoomId7': None, 'dependentRoomId8': None, 'dependentRoomId9': None, 'dependentRoomId10': None, 'dependentRoomId11': None, 'dependentRoomId12': None, 'includeBookingsRoomId1': None, 'includeBookingsRoomId2': None, 'includeBookingsRoomId3': None, 'includeBookingsRoomId4': None, 'includeBookingsRoomId5': None, 'includeBookingsRoomId6': None, 'includeBookingsRoomId7': None, 'includeBookingsRoomId8': None, 'includeBookingsRoomId9': None, 'includeBookingsRoomId10': None, 'includeBookingsRoomId11': None, 'includeBookingsRoomId12': None, 'assignBookingsTo': {'type': 'thisRoom'}}","{'template1': '', 'template2': '', 'template3': '', 'template4': '', 'template5': '', 'template6': '', 'template7': '', 'template8': ''}",perBooking,{'name': ''},"[{'id': 1, 'name': '', 'statusText': '', 'statusColor': None, 'notes': ''}]","[['BEDROOM', 'BED_DOUBLE', 'BED_SINGLE'], ['BATHROOM', 'BATH_SHOWER', 'BATH_TOILET']]"
431098,201589,1 bed room,double,1,0,,365,stayThrough,2,,,0,0,500000,0,0,,,ffffff,False,property,0,4,"{'includeSubDependencies': False, 'combinationLogic': {'type': 'numberOfUnitsAvailable', 'numberOfUnitsValue': 1}, 'dependentRoomId1': 431071, 'dependentRoomId2': None, 'dependentRoomId3': None, 'dependentRoomId4': None, 'dependentRoomId5': None, 'dependentRoomId6': None, 'dependentRoomId7': None, 'dependentRoomId8': None, 'dependentRoomId9': None, 'dependentRoomId10': None, 'dependentRoomId11': None, 'dependentRoomId12': None, 'includeBookingsRoomId1': None, 'includeBookingsRoomId2': None, 'includeBookingsRoomId3': None, 'includeBookingsRoomId4': None, 'includeBookingsRoomId5': None, 'includeBookingsRoomId6': None, 'includeBookingsRoomId7': None, 'includeBookingsRoomId8': None, 'includeBookingsRoomId9': None, 'includeBookingsRoomId10': None, 'includeBookingsRoomId11': None, 'includeBookingsRoomId12': None, 'assignBookingsTo': {'type': 'roomId', 'roomIdValue': 431071}}","{'template1': '', 'template2': '', 'template3': '', 'template4': '', 'template5': '', 'template6': '', 'template7': '', 'template8': ''}",perBooking,{'name': ''},"[{'id': 1, 'name': '', 'statusText': '', 'statusColor': None, 'notes': ''}]","[['BEDROOM', 'BED_DOUBLE'], ['BATHROOM', 'BATH_SHOWER', 'BATH_TOILET']]"
431099,201589,2 bed room,double,2,0,,365,stayThrough,4,,,0,0,1000000,0,0,,,ffffff,False,property,0,3,"{'includeSubDependencies': False, 'combinationLogic': {'type': 'numberOfUnitsAvailable', 'numberOfUnitsValue': 2}, 'dependentRoomId1': 431071, 'dependentRoomId2': None, 'dependentRoomId3': None, 'dependentRoomId4': None, 'dependentRoomId5': None, 'dependentRoomId6': None, 'dependentRoomId7': None, 'dependentRoomId8': None, 'dependentRoomId9': None, 'dependentRoomId10': None, 'dependentRoomId11': None, 'dependentRoomId12': None, 'includeBookingsRoomId1': None, 'includeBookingsRoomId2': None, 'includeBookingsRoomId3': None, 'includeBookingsRoomId4': None, 'includeBookingsRoomId5': None, 'includeBookingsRoomId6': None, 'includeBookingsRoomId7': None, 'includeBookingsRoomId8': None, 'includeBookingsRoomId9': None, 'includeBookingsRoomId10': None, 'includeBookingsRoomId11': None, 'includeBookingsRoomId12': None, 'assignBookingsTo': {'type': 'roomId', 'roomIdValue': 431071}}","{'template1': '', 'template2': '', 'template3': '', 'template4': '', 'template5': '', 'template6': '', 'template7': '', 'template8': ''}",perBooking,{'name': ''},"[{'id': 1, 'name': '', 'statusText': '', 'statusColor': None, 'notes': ''}, {'id': 2, 'name': '', 'statusText': '', 'statusColor': None, 'notes': ''}]","[['BEDROOM', 'BED_DOUBLE'], ['BEDROOM', 'BED_DOUBLE'], ['BATHROOM', 'BATH_SHOWER', 'BATH_TOILET'], ['BATHROOM', 'BATH_SHOWER', 'BATH_TOILET']]"
431100,201589,4 bed room,double,4,0,,365,stayThrough,16,,,0,0,2000000,0,0,,,ffffff,False,property,0,2,"{'includeSubDependencies': False, 'combinationLogic': {'type': 'numberOfUnitsAvailable', 'numberOfUnitsValue': 4}, 'dependentRoomId1': 431071, 'dependentRoomId2': None, 'dependentRoomId3': None, 'dependentRoomId4': None, 'dependentRoomId5': None, 'dependentRoomId6': None, 'dependentRoomId7': None, 'dependentRoomId8': None, 'dependentRoomId9': None, 'dependentRoomId10': None, 'dependentRoomId11': None, 'dependentRoomId12': None, 'includeBookingsRoomId1': None, 'includeBookingsRoomId2': None, 'includeBookingsRoomId3': None, 'includeBookingsRoomId4': None, 'includeBookingsRoomId5': None, 'includeBookingsRoomId6': None, 'includeBookingsRoomId7': None, 'includeBookingsRoomId8': None, 'includeBookingsRoomId9': None, 'includeBookingsRoomId10': None, 'includeBookingsRoomId11': None, 'includeBookingsRoomId12': None, 'assignBookingsTo': {'type': 'roomId', 'roomIdValue': 431071}}","{'template1': '', 'template2': '', 'template3': '', 'template4': '', 'template5': '', 'template6': '', 'template7': '', 'template8': ''}",perBooking,{'name': ''},"[{'id': 1, 'name': '', 'statusText': '', 'statusColor': None, 'notes': ''}, {'id': 2, 'name': '', 'statusText': '', 'statusColor': None, 'notes': ''}, {'id': 3, 'name': '', 'statusText': '', 'statusColor': None, 'notes': ''}, {'id': 4, 'name': '', 'statusText': '', 'statusColor': None, 'notes': ''}]","[['BEDROOM', 'BED_DOUBLE'], ['BEDROOM', 'BED_DOUBLE'], ['BEDROOM', 'BED_DOUBLE'], ['BEDROOM', 'BED_DOUBLE'], ['BATHROOM', 'BATH_SHOWER', 'BATH_TOILET'], ['BATHROOM', 'BATH_SHOWER', 'BATH_TOILET'], ['BATHROOM', 'BATH_SHOWER', 'BATH_TOILET'], ['BATHROOM', 'BATH_SHOWER', 'BATH_TOILET']]"
512298,243134,Deluxe Room,double,4,0,,365,stayThrough,2,,1.0,0,0,700000,0,0,5.0,18.0,ffffff,True,property,0,5,"{'includeSubDependencies': False, 'combinationLogic': {'type': 'sumAllBookings'}, 'dependentRoomId1': None, 'dependentRoomId2': None, 'dependentRoomId3': None, 'dependentRoomId4': None, 'dependentRoomId5': None, 'dependentRoomId6': None, 'dependentRoomId7': None, 'dependentRoomId8': None, 'dependentRoomId9': None, 'dependentRoomId10': None, 'dependentRoomId11': None, 'dependentRoomId12': None, 'includeBookingsRoomId1': None, 'includeBookingsRoomId2': None, 'includeBookingsRoomId3': None, 'includeBookingsRoomId4': None, 'includeBookingsRoomId5': None, 'includeBookingsRoomId6': None, 'includeBookingsRoomId7': None, 'includeBookingsRoomId8': None, 'includeBookingsRoomId9': None, 'includeBookingsRoomId10': None, 'includeBookingsRoomId11': None, 'includeBookingsRoomId12': None, 'assignBookingsTo': {'type': 'thisRoom'}}","{'template1': '', 'template2': '', 'template3': '', 'template4': '', 'template5': '', 'template6': '', 'template7': '', 'template8': ''}",perBooking,{'name': ''},"[{'id': 1, 'name': '01', 'statusText': '', 'statusColor': None, 'notes': ''}, {'id': 2, 'name': '02', 'statusText': '', 'statusColor': None, 'notes': ''}, {'id': 3, 'name': '03', 'statusText': '', 'statusColor': None, 'notes': ''}, {'id': 4, 'name': '04', 'statusText': '', 'statusColor': None, 'notes': ''}]","[['AIR_CONDITIONING'], ['BATH_OR_SHOWER'], ['KETTLE'], ['CLOSETS_IN_ROOM'], ['TV'], ['SATELLITE'], ['LUXORY_LINEN'], ['DINING_ROOM_SEATS'], ['ROOM_SOUNDPROOFED'], ['PRIVATE_BATHROOM'], ['COFFEE_MAKER'], ['TOILETRIES'], ['DESK'], ['TABLES_AND_CHAIRS'], ['TV_HD_32_PLUS'], ['IRON'], ['CABLE'], ['BATHROBE'], ['SEPARATE_TOILET_AREA'], ['WAKEUPCALL'], ['BEDROOM', 'BED_DOUBLE'], ['BATHROOM_FULL', 'BATH_SHOWER']]"
512299,243134,Luxury Deluxe Room,double,2,0,,365,stayThrough,2,,1.0,0,0,1300000,0,0,5.0,20.0,ffffff,True,property,0,2,"{'includeSubDependencies': False, 'combinationLogic': {'type': 'sumAllBookings'}, 'dependentRoomId1': None, 'dependentRoomId2': None, 'dependentRoomId3': None, 'dependentRoomId4': None, 'dependentRoomId5': None, 'dependentRoomId6': None, 'dependentRoomId7': None, 'dependentRoomId8': None, 'dependentRoomId9': None, 'dependentRoomId10': None, 'dependentRoomId11': None, 'dependentRoomId12': None, 'includeBookingsRoomId1': None, 'includeBookingsRoomId2': None, 'includeBookingsRoomId3': None, 'includeBookingsRoomId4': None, 'includeBookingsRoomId5': None, 'includeBookingsRoomId6': None, 'includeBookingsRoomId7': None, 'includeBookingsRoomId8': None, 'includeBookingsRoomId9': None, 'includeBookingsRoomId10': None, 'includeBookingsRoomId11': None, 'includeBookingsRoomId12': None, 'assignBookingsTo': {'type': 'thisRoom'}}","{'template1': '', 'template2': '', 'template3': '', 'template4': '', 'template5': '', 'template6': '', 'template7': '', 'template8': ''}",perBooking,{'name': ''},"[{'id': 1, 'name': '01', 'statusText': '', 'statusColor': None, 'notes': ''}, {'id': 2, 'name': '02', 'statusText': '', 'statusColor': None, 'notes': ''}]","[['AIR_CONDITIONING'], ['BATH_OR_SHOWER'], ['CLOSETS_IN_ROOM'], ['KETTLE'], ['PRIVATE_BATHROOM'], ['SATELLITE'], ['LUXORY_LINEN'], ['TOILETRIES'], ['DESK'], ['TABLES_AND_CHAIRS'], ['COFFEE_MAKER'], ['IRON'], ['TV_HD_32_PLUS'], ['CABLE'], ['SEPARATE_TOILET_AREA'], ['WAKEUPCALL'], ['BEDROOM', 'BED_DOUBLE'], ['BATHROOM', 'BATH_SHOWER']]"
512300,243134,Superior Room,double,5,0,,365,stayThrough,2,2.0,0.0,0,0,600000,0,0,5.0,16.0,ffffff,True,property,0,5,"{'includeSubDependencies': False, 'combinationLogic': {'type': 'sumAllBookings'}, 'dependentRoomId1': None, 'dependentRoomId2': None, 'dependentRoomId3': None, 'dependentRoomId4': None, 'dependentRoomId5': None, 'dependentRoomId6': None, 'dependentRoomId7': None, 'dependentRoomId8': None, 'dependentRoomId9': None, 'dependentRoomId10': None, 'dependentRoomId11': None, 'dependentRoomId12': None, 'includeBookingsRoomId1': None, 'includeBookingsRoomId2': None, 'includeBookingsRoomId3': None, 'includeBookingsRoomId4': None, 'includeBookingsRoomId5': None, 'includeBookingsRoomId6': None, 'includeBookingsRoomId7': None, 'includeBookingsRoomId8': None, 'includeBookingsRoomId9': None, 'includeBookingsRoomId10': None, 'includeBookingsRoomId11': None, 'includeBookingsRoomId12': None, 'assignBookingsTo': {'type': 'thisRoom'}}","{'template1': '', 'template2': '', 'template3': '', 'template4': '', 'template5': '', 'template6': '', 'template7': '', 'template8': ''}",perBooking,{'name': ''},"[{'id': 1, 'name': '05', 'statusText': '', 'statusColor': None, 'notes': ''}, {'id': 2, 'name': '06', 'statusText': '', 'statusColor': None, 'notes': ''}, {'id': 3, 'name': '07', 'statusText': '', 'statusColor': None, 'notes': ''}, {'id': 4, 'name': '08', 'statusText': '', 'statusColor': None, 'notes': ''}, {'id': 5, 'name': '09', 'statusText': '', 'statusColor': None, 'notes': ''}]","[['AIR_CONDITIONING'], ['BATH_OR_SHOWER'], ['KETTLE'], ['CLOSETS_IN_ROOM'], ['SATELLITE'], ['TV'], ['DINING_ROOM_SEATS'], ['LUXORY_LINEN'], ['ROOM_SOUNDPROOFED'], ['PRIVATE_BATHROOM'], ['COFFEE_MAKER'], ['DESK'], ['TOILETRIES'], ['TABLES_AND_CHAIRS'], ['TV_HD_32_PLUS'], ['IRON'], ['CABLE'], ['BATHROBE'], ['SEPARATE_TOILET_AREA'], ['WAKEUPCALL'], ['BEDROOM', 'BED_DOUBLE'], ['BATHROOM', 'BATH_SHOWER']]"
515268,243134,Bungalow Deluxe,double,3,0,1.0,365,stayThrough,2,,,0,0,1700000,0,0,5.0,,ffffff,True,property,0,1,"{'includeSubDependencies': False, 'combinationLogic': {'type': 'sumAllBookings'}, 'dependentRoomId1': None, 'dependentRoomId2': None, 'dependentRoomId3': None, 'dependentRoomId4': None, 'dependentRoomId5': None, 'dependentRoomId6': None, 'dependentRoomId7': None, 'dependentRoomId8': None, 'dependentRoomId9': None, 'dependentRoomId10': None, 'dependentRoomId11': None, 'dependentRoomId12': None, 'includeBookingsRoomId1': None, 'includeBookingsRoomId2': None, 'includeBookingsRoomId3': None, 'includeBookingsRoomId4': None, 'includeBookingsRoomId5': None, 'includeBookingsRoomId6': None, 'includeBookingsRoomId7': None, 'includeBookingsRoomId8': None, 'includeBookingsRoomId9': None, 'includeBookingsRoomId10': None, 'includeBookingsRoomId11': None, 'includeBookingsRoomId12': None, 'assignBookingsTo': {'type': 'thisRoom'}}","{'template1': '', 'template2': '', 'template3': '', 'template4': '', 'template5': '', 'template6': '', 'template7': '', 'template8': ''}",perBooking,{'name': ''},"[{'id': 1, 'name': '03', 'statusText': '', 'statusColor': None, 'notes': ''}, {'id': 2, 'name': '04', 'statusText': '', 'statusColor': None, 'notes': ''}, {'id': 3, 'name': '05', 'statusText': '', 'statusColor': None, 'notes': ''}]","[['BEDROOM', 'BED_DOUBLE'], ['BATHROOM', 'BATH_SHOWER', 'BATH_TOILET']]"
640708,307448,Room 1,double,1,0,,365,stayThrough,2,,,0,0,0,0,0,5.0,,ffffff,True,room,0,5,"{'includeSubDependencies': False, 'combinationLogic': {'type': 'sumAllBookings'}, 'dependentRoomId1': None, 'dependentRoomId2': None, 'dependentRoomId3': None, 'dependentRoomId4': None, 'dependentRoomId5': None, 'dependentRoomId6': None, 'dependentRoomId7': None, 'dependentRoomId8': None, 'dependentRoomId9': None, 'dependentRoomId10': None, 'dependentRoomId11': None, 'dependentRoomId12': None, 'includeBookingsRoomId1': None, 'includeBookingsRoomId2': None, 'includeBookingsRoomId3': None, 'includeBookingsRoomId4': None, 'includeBookingsRoomId5': None, 'includeBookingsRoomId6': None, 'includeBookingsRoomId7': None, 'includeBookingsRoomId8': None, 'includeBookingsRoomId9': None, 'includeBookingsRoomId10': None, 'includeBookingsRoomId11': None, 'includeBookingsRoomId12': None, 'assignBookingsTo': {'type': 'thisRoom'}}","{'template1': '', 'template2': '', 'template3': '', 'template4': '', 'template5': '', 'template6': '', 'template7': '', 'template8': ''}",perBooking,{'name': 'Unallocated'},"[{'id': 1, 'name': '', 'statusText': '', 'statusColor': None, 'notes': ''}]",[]
